State/UT,District,Commodity Group,Commodity,Date,arrival_qty,Arrival Unit,modal_price,Price Unit,month,price_lag1,price_lag7,price_avg30,arrival_lag1
Maharashtra,Mumbai,Pulses,Masur Dal,2021-02-13,39.0,Metric Tonnes,6300.0,Rs./Quintal,2,6300.0,6400.0,6360.0,55.0
Maharashtra,Mumbai,Pulses,Masur Dal,2021-02-15,71.0,Metric Tonnes,6300.0,Rs./Quintal,2,6300.0,6400.0,6360.0,39.0
Maharashtra,Mumbai,Pulses,Masur Dal,2021-02-16,31.0,Metric Tonnes,6300.0,Rs./Quintal,2,6300.0,6400.0,6360.0,71.0
Maharashtra,Mumbai,Pulses,Masur Dal,2021-02-17,57.0,Metric Tonnes,6300.0,Rs./Quintal,2,6300.0,6400.0,6360.0,31.0
Maharashtra,Mumbai,Pulses,Masur Dal,2021-02-18,57.0,Metric Tonnes,6300.0,Rs./Quintal,2,6300.0,6400.0,6360.0,57.0
Maharashtra,Mumbai,Pulses,Masur Dal,2021-02-20,111.0,Metric Tonnes,6300.0,Rs./Quintal,2,6300.0,6300.0,6360.0,57.0
Maharashtra,Mumbai,Pulses,Masur Dal,2021-02-22,116.0,Metric Tonnes,6300.0,Rs./Quintal,2,6300.0,6300.0,6360.0,111.0
Maharashtra,Mumbai,Pulses,Masur Dal,2021-02-23,70.0,Metric Tonnes,6300.0,Rs./Quintal,2,6300.0,6300.0,6360.0,116.0
Maharashtra,Mumbai,Pulses,Masur Dal,2021-02-24,56.0,Metric Tonnes,6300.0,Rs./Quintal,2,6300.0,6300.0,6360.0,70.0
Maharashtra,Mumbai,Pulses,Masur Dal,2021-02-26,71.0,Metric Tonnes,6300.0,Rs./Quintal,2,6300.0,6300.0,6360.0,56.0
Maharashtra,Mumbai,Pulses,Masur Dal,2021-03-02,90.0,Metric Tonnes,6300.0,Rs./Quintal,3,6300.0,6300.0,6356.666666666667,71.0
Maharashtra,Mumbai,Pulses,Masur Dal,2021-03-03,17.0,Metric Tonnes,6300.0,Rs./Quintal,3,6300.0,6300.0,6353.333333333333,90.0
Maharashtra,Mumbai,Pulses,Masur Dal,2021-03-04,83.0,Metric Tonnes,6300.0,Rs./Quintal,3,6300.0,6300.0,6350.0,17.0
Maharashtra,Mumbai,Pulses,Masur Dal,2021-03-05,21.0,Metric Tonnes,6300.0,Rs./Quintal,3,6300.0,6300.0,6346.666666666667,83.0
Maharashtra,Mumbai,Pulses,Masur Dal,2021-03-06,20.0,Metric Tonnes,6300.0,Rs./Quintal,3,6300.0,6300.0,6343.333333333333,21.0
Maharashtra,Mumbai,Pulses,Masur Dal,2021-03-08,33.0,Metric Tonnes,6300.0,Rs./Quintal,3,6300.0,6300.0,6340.0,20.0
Maharashtra,Mumbai,Pulses,Masur Dal,2021-03-09,37.0,Metric Tonnes,6300.0,Rs./Quintal,3,6300.0,6300.0,6336.666666666667,33.0
Maharashtra,Mumbai,Pulses,Masur Dal,2021-03-10,36.0,Metric Tonnes,6300.0,Rs./Quintal,3,6300.0,6300.0,6333.333333333333,37.0
Maharashtra,Mumbai,Pulses,Masur Dal,2021-03-12,57.0,Metric Tonnes,6300.0,Rs./Quintal,3,6300.0,6300.0,6330.0,36.0
Maharashtra,Mumbai,Pulses,Masur Dal,2021-03-13,76.0,Metric Tonnes,6300.0,Rs./Quintal,3,6300.0,6300.0,6326.666666666667,57.0
Maharashtra,Mumbai,Pulses,Masur Dal,2021-03-15,86.0,Metric Tonnes,6300.0,Rs./Quintal,3,6300.0,6300.0,6323.333333333333,76.0
Maharashtra,Mumbai,Pulses,Masur Dal,2021-03-16,116.0,Metric Tonnes,6600.0,Rs./Quintal,3,6300.0,6300.0,6330.0,86.0
Maharashtra,Mumbai,Pulses,Masur Dal,2021-03-20,60.0,Metric Tonnes,6600.0,Rs./Quintal,3,6600.0,6300.0,6336.666666666667,116.0
Maharashtra,Mumbai,Pulses,Masur Dal,2021-03-22,46.0,Metric Tonnes,6600.0,Rs./Quintal,3,6600.0,6300.0,6343.333333333333,60.0
Maharashtra,Mumbai,Pulses,Masur Dal,2021-03-24,82.0,Metric Tonnes,6600.0,Rs./Quintal,3,6600.0,6300.0,6350.0,46.0
Maharashtra,Mumbai,Pulses,Masur Dal,2021-03-25,73.0,Metric Tonnes,6600.0,Rs./Quintal,3,6600.0,6300.0,6356.666666666667,82.0
Maharashtra,Mumbai,Pulses,Masur Dal,2021-03-26,44.0,Metric Tonnes,6600.0,Rs./Quintal,3,6600.0,6300.0,6363.333333333333,73.0
Maharashtra,Mumbai,Pulses,Masur Dal,2021-03-27,34.0,Metric Tonnes,6600.0,Rs./Quintal,3,6600.0,6300.0,6370.0,44.0
Maharashtra,Mumbai,Pulses,Masur Dal,2021-03-30,117.0,Metric Tonnes,6600.0,Rs./Quintal,3,6600.0,6600.0,6380.0,34.0
Maharashtra,Mumbai,Pulses,Masur Dal,2021-03-31,28.0,Metric Tonnes,6600.0,Rs./Quintal,3,6600.0,6600.0,6390.0,117.0
Maharashtra,Mumbai,Pulses,Masur Dal,2021-04-01,122.0,Metric Tonnes,6600.0,Rs./Quintal,4,6600.0,6600.0,6400.0,28.0
Maharashtra,Mumbai,Pulses,Masur Dal,2021-04-02,109.0,Metric Tonnes,6600.0,Rs./Quintal,4,6600.0,6600.0,6410.0,122.0
Maharashtra,Mumbai,Pulses,Masur Dal,2021-04-03,87.0,Metric Tonnes,6650.0,Rs./Quintal,4,6600.0,6600.0,6421.666666666667,109.0
Maharashtra,Mumbai,Pulses,Masur Dal,2021-04-05,124.0,Metric Tonnes,6600.0,Rs./Quintal,4,6650.0,6600.0,6431.666666666667,87.0
Maharashtra,Mumbai,Pulses,Masur Dal,2021-04-06,97.0,Metric Tonnes,6600.0,Rs./Quintal,4,6600.0,6600.0,6441.666666666667,124.0
Maharashtra,Mumbai,Pulses,Masur Dal,2021-04-07,73.0,Metric Tonnes,6600.0,Rs./Quintal,4,6600.0,6600.0,6451.666666666667,97.0
Maharashtra,Mumbai,Pulses,Masur Dal,2021-04-08,105.0,Metric Tonnes,6600.0,Rs./Quintal,4,6600.0,6600.0,6461.666666666667,73.0
Maharashtra,Mumbai,Pulses,Masur Dal,2021-04-09,72.0,Metric Tonnes,7000.0,Rs./Quintal,4,6600.0,6600.0,6485.0,105.0
Maharashtra,Mumbai,Pulses,Masur Dal,2021-04-10,122.0,Metric Tonnes,7000.0,Rs./Quintal,4,7000.0,6600.0,6508.333333333333,72.0
Maharashtra,Mumbai,Pulses,Masur Dal,2021-04-12,110.0,Metric Tonnes,7000.0,Rs./Quintal,4,7000.0,6650.0,6531.666666666667,122.0
Maharashtra,Mumbai,Pulses,Masur Dal,2021-04-13,88.0,Metric Tonnes,7000.0,Rs./Quintal,4,7000.0,6600.0,6555.0,110.0
Maharashtra,Mumbai,Pulses,Masur Dal,2021-04-14,88.0,Metric Tonnes,7000.0,Rs./Quintal,4,7000.0,6600.0,6578.333333333333,88.0
Maharashtra,Mumbai,Pulses,Masur Dal,2021-04-15,67.0,Metric Tonnes,7000.0,Rs./Quintal,4,7000.0,6600.0,6601.666666666667,88.0
Maharashtra,Mumbai,Pulses,Masur Dal,2021-04-16,40.0,Metric Tonnes,7000.0,Rs./Quintal,4,7000.0,6600.0,6625.0,67.0
Maharashtra,Mumbai,Pulses,Masur Dal,2021-04-17,54.0,Metric Tonnes,7000.0,Rs./Quintal,4,7000.0,7000.0,6648.333333333333,40.0
Maharashtra,Mumbai,Pulses,Masur Dal,2021-04-19,74.0,Metric Tonnes,7000.0,Rs./Quintal,4,7000.0,7000.0,6671.666666666667,54.0
Maharashtra,Mumbai,Pulses,Masur Dal,2021-04-20,75.0,Metric Tonnes,7200.0,Rs./Quintal,4,7000.0,7000.0,6701.666666666667,74.0
Maharashtra,Mumbai,Pulses,Masur Dal,2021-04-21,36.0,Metric Tonnes,7200.0,Rs./Quintal,4,7200.0,7000.0,6731.666666666667,75.0
Maharashtra,Mumbai,Pulses,Masur Dal,2021-04-22,4.0,Metric Tonnes,7200.0,Rs./Quintal,4,7200.0,7000.0,6761.666666666667,36.0
Maharashtra,Mumbai,Pulses,Masur Dal,2021-04-23,21.0,Metric Tonnes,7200.0,Rs./Quintal,4,7200.0,7000.0,6791.666666666667,4.0
Maharashtra,Mumbai,Pulses,Masur Dal,2021-04-26,27.0,Metric Tonnes,7200.0,Rs./Quintal,4,7200.0,7000.0,6821.666666666667,21.0
Maharashtra,Mumbai,Pulses,Masur Dal,2021-04-27,43.0,Metric Tonnes,7200.0,Rs./Quintal,4,7200.0,7000.0,6841.666666666667,27.0
Maharashtra,Mumbai,Pulses,Masur Dal,2021-04-28,43.0,Metric Tonnes,7200.0,Rs./Quintal,4,7200.0,7000.0,6861.666666666667,43.0
Maharashtra,Mumbai,Pulses,Masur Dal,2021-04-29,25.0,Metric Tonnes,7200.0,Rs./Quintal,4,7200.0,7200.0,6881.666666666667,43.0
Maharashtra,Mumbai,Pulses,Masur Dal,2021-04-30,12.0,Metric Tonnes,7200.0,Rs./Quintal,4,7200.0,7200.0,6901.666666666667,25.0
Maharashtra,Mumbai,Pulses,Masur Dal,2021-05-03,60.0,Metric Tonnes,7200.0,Rs./Quintal,5,7200.0,7200.0,6921.666666666667,12.0
Maharashtra,Mumbai,Pulses,Masur Dal,2021-05-04,22.0,Metric Tonnes,7200.0,Rs./Quintal,5,7200.0,7200.0,6941.666666666667,60.0
Maharashtra,Mumbai,Pulses,Masur Dal,2021-05-05,20.0,Metric Tonnes,7200.0,Rs./Quintal,5,7200.0,7200.0,6961.666666666667,22.0
Maharashtra,Mumbai,Pulses,Masur Dal,2021-05-06,14.0,Metric Tonnes,7200.0,Rs./Quintal,5,7200.0,7200.0,6981.666666666667,20.0
Maharashtra,Mumbai,Pulses,Masur Dal,2021-05-07,63.0,Metric Tonnes,7200.0,Rs./Quintal,5,7200.0,7200.0,7001.666666666667,14.0
Maharashtra,Mumbai,Pulses,Masur Dal,2021-05-08,8.0,Metric Tonnes,7200.0,Rs./Quintal,5,7200.0,7200.0,7021.666666666667,63.0
Maharashtra,Mumbai,Pulses,Masur Dal,2021-05-10,49.0,Metric Tonnes,7200.0,Rs./Quintal,5,7200.0,7200.0,7041.666666666667,8.0
Maharashtra,Mumbai,Pulses,Masur Dal,2021-05-11,44.0,Metric Tonnes,7200.0,Rs./Quintal,5,7200.0,7200.0,7060.0,49.0
Maharashtra,Mumbai,Pulses,Masur Dal,2021-05-12,82.0,Metric Tonnes,7200.0,Rs./Quintal,5,7200.0,7200.0,7080.0,44.0
Maharashtra,Mumbai,Pulses,Masur Dal,2021-05-13,43.0,Metric Tonnes,7200.0,Rs./Quintal,5,7200.0,7200.0,7100.0,82.0
Maharashtra,Mumbai,Pulses,Masur Dal,2021-05-14,72.0,Metric Tonnes,7200.0,Rs./Quintal,5,7200.0,7200.0,7120.0,43.0
Maharashtra,Mumbai,Pulses,Masur Dal,2021-05-15,95.0,Metric Tonnes,7200.0,Rs./Quintal,5,7200.0,7200.0,7140.0,72.0
Maharashtra,Mumbai,Pulses,Masur Dal,2021-05-17,86.0,Metric Tonnes,7200.0,Rs./Quintal,5,7200.0,7200.0,7146.666666666667,95.0
Maharashtra,Mumbai,Pulses,Masur Dal,2021-05-18,48.0,Metric Tonnes,7200.0,Rs./Quintal,5,7200.0,7200.0,7153.333333333333,86.0
Maharashtra,Mumbai,Pulses,Masur Dal,2021-05-19,34.0,Metric Tonnes,7200.0,Rs./Quintal,5,7200.0,7200.0,7160.0,48.0
Maharashtra,Mumbai,Pulses,Masur Dal,2021-05-21,37.0,Metric Tonnes,7200.0,Rs./Quintal,5,7200.0,7200.0,7166.666666666667,34.0
Maharashtra,Mumbai,Pulses,Masur Dal,2021-05-22,5.0,Metric Tonnes,7200.0,Rs./Quintal,5,7200.0,7200.0,7173.333333333333,37.0
Maharashtra,Mumbai,Pulses,Masur Dal,2021-05-24,17.0,Metric Tonnes,7200.0,Rs./Quintal,5,7200.0,7200.0,7180.0,5.0
Maharashtra,Mumbai,Pulses,Masur Dal,2021-05-25,26.0,Metric Tonnes,7200.0,Rs./Quintal,5,7200.0,7200.0,7186.666666666667,17.0
Maharashtra,Mumbai,Pulses,Masur Dal,2021-05-26,13.0,Metric Tonnes,7200.0,Rs./Quintal,5,7200.0,7200.0,7193.333333333333,26.0
Maharashtra,Mumbai,Pulses,Masur Dal,2021-05-27,31.0,Metric Tonnes,7200.0,Rs./Quintal,5,7200.0,7200.0,7200.0,13.0
Maharashtra,Mumbai,Pulses,Masur Dal,2021-05-28,52.0,Metric Tonnes,7200.0,Rs./Quintal,5,7200.0,7200.0,7200.0,31.0
Maharashtra,Mumbai,Pulses,Masur Dal,2021-05-29,12.0,Metric Tonnes,7200.0,Rs./Quintal,5,7200.0,7200.0,7200.0,52.0
Maharashtra,Mumbai,Pulses,Masur Dal,2021-05-31,25.0,Metric Tonnes,7300.0,Rs./Quintal,5,7200.0,7200.0,7203.333333333333,12.0
Maharashtra,Mumbai,Pulses,Masur Dal,2021-06-01,45.0,Metric Tonnes,7300.0,Rs./Quintal,6,7300.0,7200.0,7206.666666666667,25.0
Maharashtra,Mumbai,Pulses,Masur Dal,2021-06-02,71.0,Metric Tonnes,7300.0,Rs./Quintal,6,7300.0,7200.0,7210.0,45.0
Maharashtra,Mumbai,Pulses,Masur Dal,2021-06-03,37.0,Metric Tonnes,7300.0,Rs./Quintal,6,7300.0,7200.0,7213.333333333333,71.0
Maharashtra,Mumbai,Pulses,Masur Dal,2021-06-04,18.0,Metric Tonnes,7300.0,Rs./Quintal,6,7300.0,7200.0,7216.666666666667,37.0
Maharashtra,Mumbai,Pulses,Masur Dal,2021-06-05,35.0,Metric Tonnes,7300.0,Rs./Quintal,6,7300.0,7200.0,7220.0,18.0
Maharashtra,Mumbai,Pulses,Masur Dal,2021-06-08,32.0,Metric Tonnes,7300.0,Rs./Quintal,6,7300.0,7200.0,7223.333333333333,35.0
Maharashtra,Mumbai,Pulses,Masur Dal,2021-06-09,32.0,Metric Tonnes,7300.0,Rs./Quintal,6,7300.0,7300.0,7226.666666666667,32.0
Maharashtra,Mumbai,Pulses,Masur Dal,2021-06-10,35.0,Metric Tonnes,7300.0,Rs./Quintal,6,7300.0,7300.0,7230.0,32.0
Maharashtra,Mumbai,Pulses,Masur Dal,2021-06-11,27.0,Metric Tonnes,7300.0,Rs./Quintal,6,7300.0,7300.0,7233.333333333333,35.0
Maharashtra,Mumbai,Pulses,Masur Dal,2021-06-12,47.0,Metric Tonnes,7300.0,Rs./Quintal,6,7300.0,7300.0,7236.666666666667,27.0
Maharashtra,Mumbai,Pulses,Masur Dal,2021-06-14,26.0,Metric Tonnes,7400.0,Rs./Quintal,6,7300.0,7300.0,7243.333333333333,47.0
Maharashtra,Mumbai,Pulses,Masur Dal,2021-06-15,42.0,Metric Tonnes,7400.0,Rs./Quintal,6,7400.0,7300.0,7250.0,26.0
Maharashtra,Mumbai,Pulses,Masur Dal,2021-06-16,39.0,Metric Tonnes,7400.0,Rs./Quintal,6,7400.0,7300.0,7256.666666666667,42.0
Maharashtra,Mumbai,Pulses,Masur Dal,2021-06-17,18.0,Metric Tonnes,7400.0,Rs./Quintal,6,7400.0,7300.0,7263.333333333333,39.0
Maharashtra,Mumbai,Pulses,Masur Dal,2021-06-18,37.0,Metric Tonnes,7400.0,Rs./Quintal,6,7400.0,7300.0,7270.0,18.0
Maharashtra,Mumbai,Pulses,Masur Dal,2021-06-19,31.0,Metric Tonnes,7400.0,Rs./Quintal,6,7400.0,7300.0,7276.666666666667,37.0
Maharashtra,Mumbai,Pulses,Masur Dal,2021-06-21,55.0,Metric Tonnes,7400.0,Rs./Quintal,6,7400.0,7300.0,7283.333333333333,31.0
Maharashtra,Mumbai,Pulses,Masur Dal,2021-06-22,82.0,Metric Tonnes,7400.0,Rs./Quintal,6,7400.0,7400.0,7290.0,55.0
Maharashtra,Mumbai,Pulses,Masur Dal,2021-06-23,73.0,Metric Tonnes,7400.0,Rs./Quintal,6,7400.0,7400.0,7296.666666666667,82.0
Maharashtra,Mumbai,Pulses,Masur Dal,2021-06-24,14.0,Metric Tonnes,7400.0,Rs./Quintal,6,7400.0,7400.0,7303.333333333333,73.0
Maharashtra,Mumbai,Pulses,Masur Dal,2021-06-25,19.0,Metric Tonnes,7400.0,Rs./Quintal,6,7400.0,7400.0,7310.0,14.0
Maharashtra,Mumbai,Pulses,Masur Dal,2021-06-26,42.0,Metric Tonnes,7400.0,Rs./Quintal,6,7400.0,7400.0,7316.666666666667,19.0
Maharashtra,Mumbai,Pulses,Masur Dal,2021-06-28,30.0,Metric Tonnes,7400.0,Rs./Quintal,6,7400.0,7400.0,7323.333333333333,42.0
Maharashtra,Mumbai,Pulses,Masur Dal,2021-06-29,40.0,Metric Tonnes,7400.0,Rs./Quintal,6,7400.0,7400.0,7330.0,30.0
Maharashtra,Mumbai,Pulses,Masur Dal,2021-06-30,49.0,Metric Tonnes,7400.0,Rs./Quintal,6,7400.0,7400.0,7336.666666666667,40.0
Maharashtra,Mumbai,Pulses,Masur Dal,2021-07-01,17.0,Metric Tonnes,7400.0,Rs./Quintal,7,7400.0,7400.0,7343.333333333333,49.0
Maharashtra,Mumbai,Pulses,Masur Dal,2021-07-02,19.0,Metric Tonnes,7400.0,Rs./Quintal,7,7400.0,7400.0,7350.0,17.0
Maharashtra,Mumbai,Pulses,Masur Dal,2021-07-03,20.0,Metric Tonnes,7400.0,Rs./Quintal,7,7400.0,7400.0,7356.666666666667,19.0
Maharashtra,Mumbai,Pulses,Masur Dal,2021-07-05,80.0,Metric Tonnes,7400.0,Rs./Quintal,7,7400.0,7400.0,7363.333333333333,20.0
Maharashtra,Mumbai,Pulses,Masur Dal,2021-07-06,48.0,Metric Tonnes,7650.0,Rs./Quintal,7,7400.0,7400.0,7375.0,80.0
Maharashtra,Mumbai,Pulses,Masur Dal,2021-07-07,59.0,Metric Tonnes,7650.0,Rs./Quintal,7,7650.0,7400.0,7386.666666666667,48.0
Maharashtra,Mumbai,Pulses,Masur Dal,2021-07-08,103.0,Metric Tonnes,7650.0,Rs./Quintal,7,7650.0,7400.0,7398.333333333333,59.0
Maharashtra,Mumbai,Pulses,Masur Dal,2021-07-09,71.0,Metric Tonnes,7650.0,Rs./Quintal,7,7650.0,7400.0,7410.0,103.0
Maharashtra,Mumbai,Pulses,Masur Dal,2021-07-10,42.0,Metric Tonnes,7650.0,Rs./Quintal,7,7650.0,7400.0,7421.666666666667,71.0
Maharashtra,Mumbai,Pulses,Masur Dal,2021-07-12,57.0,Metric Tonnes,7650.0,Rs./Quintal,7,7650.0,7400.0,7433.333333333333,42.0
Maharashtra,Mumbai,Pulses,Masur Dal,2021-07-13,80.0,Metric Tonnes,7650.0,Rs./Quintal,7,7650.0,7400.0,7445.0,57.0
Maharashtra,Mumbai,Pulses,Masur Dal,2021-07-14,27.0,Metric Tonnes,7650.0,Rs./Quintal,7,7650.0,7650.0,7456.666666666667,80.0
Maharashtra,Mumbai,Pulses,Masur Dal,2021-07-15,16.0,Metric Tonnes,7650.0,Rs./Quintal,7,7650.0,7650.0,7468.333333333333,27.0
Maharashtra,Mumbai,Pulses,Masur Dal,2021-07-17,11.0,Metric Tonnes,7500.0,Rs./Quintal,7,7650.0,7650.0,7475.0,16.0
Maharashtra,Mumbai,Pulses,Masur Dal,2021-07-19,29.0,Metric Tonnes,7500.0,Rs./Quintal,7,7500.0,7650.0,7481.666666666667,11.0
Maharashtra,Mumbai,Pulses,Masur Dal,2021-07-21,114.0,Metric Tonnes,7500.0,Rs./Quintal,7,7500.0,7650.0,7485.0,29.0
Maharashtra,Mumbai,Pulses,Masur Dal,2021-07-22,66.0,Metric Tonnes,7500.0,Rs./Quintal,7,7500.0,7650.0,7488.333333333333,114.0
Maharashtra,Mumbai,Pulses,Masur Dal,2021-07-23,59.0,Metric Tonnes,7500.0,Rs./Quintal,7,7500.0,7650.0,7491.666666666667,66.0
Maharashtra,Mumbai,Pulses,Masur Dal,2021-07-24,36.0,Metric Tonnes,7500.0,Rs./Quintal,7,7500.0,7650.0,7495.0,59.0
Maharashtra,Mumbai,Pulses,Masur Dal,2021-07-26,19.0,Metric Tonnes,7500.0,Rs./Quintal,7,7500.0,7650.0,7498.333333333333,36.0
Maharashtra,Mumbai,Pulses,Masur Dal,2021-07-27,52.0,Metric Tonnes,7500.0,Rs./Quintal,7,7500.0,7500.0,7501.666666666667,19.0
Maharashtra,Mumbai,Pulses,Masur Dal,2021-07-28,61.0,Metric Tonnes,7500.0,Rs./Quintal,7,7500.0,7500.0,7505.0,52.0
Maharashtra,Mumbai,Pulses,Masur Dal,2021-07-29,40.0,Metric Tonnes,7500.0,Rs./Quintal,7,7500.0,7500.0,7508.333333333333,61.0
Maharashtra,Mumbai,Pulses,Masur Dal,2021-07-30,57.0,Metric Tonnes,7500.0,Rs./Quintal,7,7500.0,7500.0,7511.666666666667,40.0
Maharashtra,Mumbai,Pulses,Masur Dal,2021-07-31,82.0,Metric Tonnes,7500.0,Rs./Quintal,7,7500.0,7500.0,7515.0,57.0
Maharashtra,Mumbai,Pulses,Masur Dal,2021-08-02,72.0,Metric Tonnes,7500.0,Rs./Quintal,8,7500.0,7500.0,7518.333333333333,82.0
Maharashtra,Mumbai,Pulses,Masur Dal,2021-08-03,73.0,Metric Tonnes,7500.0,Rs./Quintal,8,7500.0,7500.0,7521.666666666667,72.0
Maharashtra,Mumbai,Pulses,Masur Dal,2021-08-04,30.0,Metric Tonnes,7500.0,Rs./Quintal,8,7500.0,7500.0,7525.0,73.0
Maharashtra,Mumbai,Pulses,Masur Dal,2021-08-06,60.0,Metric Tonnes,7500.0,Rs./Quintal,8,7500.0,7500.0,7528.333333333333,30.0
Maharashtra,Mumbai,Pulses,Masur Dal,2021-08-07,47.0,Metric Tonnes,7500.0,Rs./Quintal,8,7500.0,7500.0,7531.666666666667,60.0
Maharashtra,Mumbai,Pulses,Masur Dal,2021-08-09,42.0,Metric Tonnes,7500.0,Rs./Quintal,8,7500.0,7500.0,7535.0,47.0
Maharashtra,Mumbai,Pulses,Masur Dal,2021-08-10,105.0,Metric Tonnes,7500.0,Rs./Quintal,8,7500.0,7500.0,7538.333333333333,42.0
Maharashtra,Mumbai,Pulses,Masur Dal,2021-08-11,101.0,Metric Tonnes,7500.0,Rs./Quintal,8,7500.0,7500.0,7541.666666666667,105.0
Maharashtra,Mumbai,Pulses,Masur Dal,2021-08-12,49.0,Metric Tonnes,7500.0,Rs./Quintal,8,7500.0,7500.0,7545.0,101.0
Maharashtra,Mumbai,Pulses,Masur Dal,2021-08-13,97.0,Metric Tonnes,7500.0,Rs./Quintal,8,7500.0,7500.0,7540.0,49.0
Maharashtra,Mumbai,Pulses,Masur Dal,2021-08-14,81.0,Metric Tonnes,7500.0,Rs./Quintal,8,7500.0,7500.0,7535.0,97.0
Maharashtra,Mumbai,Pulses,Masur Dal,2021-08-16,66.0,Metric Tonnes,7500.0,Rs./Quintal,8,7500.0,7500.0,7530.0,81.0
Maharashtra,Mumbai,Pulses,Masur Dal,2021-08-17,150.0,Metric Tonnes,7500.0,Rs./Quintal,8,7500.0,7500.0,7525.0,66.0
Maharashtra,Mumbai,Pulses,Masur Dal,2021-08-18,54.0,Metric Tonnes,7500.0,Rs./Quintal,8,7500.0,7500.0,7520.0,150.0
Maharashtra,Mumbai,Pulses,Masur Dal,2021-08-19,87.0,Metric Tonnes,7500.0,Rs./Quintal,8,7500.0,7500.0,7515.0,54.0
Maharashtra,Mumbai,Pulses,Masur Dal,2021-08-20,53.0,Metric Tonnes,7500.0,Rs./Quintal,8,7500.0,7500.0,7510.0,87.0
Maharashtra,Mumbai,Pulses,Masur Dal,2021-08-21,90.0,Metric Tonnes,7500.0,Rs./Quintal,8,7500.0,7500.0,7505.0,53.0
Maharashtra,Mumbai,Pulses,Masur Dal,2021-08-23,108.0,Metric Tonnes,7500.0,Rs./Quintal,8,7500.0,7500.0,7500.0,90.0
Maharashtra,Mumbai,Pulses,Masur Dal,2021-08-24,70.0,Metric Tonnes,8000.0,Rs./Quintal,8,7500.0,7500.0,7516.666666666667,108.0
Maharashtra,Mumbai,Pulses,Masur Dal,2021-08-25,68.0,Metric Tonnes,8000.0,Rs./Quintal,8,8000.0,7500.0,7533.333333333333,70.0
Maharashtra,Mumbai,Pulses,Masur Dal,2021-08-26,93.0,Metric Tonnes,8000.0,Rs./Quintal,8,8000.0,7500.0,7550.0,68.0
Maharashtra,Mumbai,Pulses,Masur Dal,2021-08-27,84.0,Metric Tonnes,8000.0,Rs./Quintal,8,8000.0,7500.0,7566.666666666667,93.0
Maharashtra,Mumbai,Pulses,Masur Dal,2021-08-28,118.0,Metric Tonnes,8000.0,Rs./Quintal,8,8000.0,7500.0,7583.333333333333,84.0
Maharashtra,Mumbai,Pulses,Masur Dal,2021-08-30,55.0,Metric Tonnes,8000.0,Rs./Quintal,8,8000.0,7500.0,7600.0,118.0
Maharashtra,Mumbai,Pulses,Masur Dal,2021-09-01,118.0,Metric Tonnes,8000.0,Rs./Quintal,9,8000.0,7500.0,7616.666666666667,55.0
Maharashtra,Mumbai,Pulses,Masur Dal,2021-09-02,67.0,Metric Tonnes,8000.0,Rs./Quintal,9,8000.0,8000.0,7633.333333333333,118.0
Maharashtra,Mumbai,Pulses,Masur Dal,2021-09-03,66.0,Metric Tonnes,8000.0,Rs./Quintal,9,8000.0,8000.0,7650.0,67.0
Maharashtra,Mumbai,Pulses,Masur Dal,2021-09-04,11.0,Metric Tonnes,8000.0,Rs./Quintal,9,8000.0,8000.0,7666.666666666667,66.0
Maharashtra,Mumbai,Pulses,Masur Dal,2021-09-06,41.0,Metric Tonnes,8000.0,Rs./Quintal,9,8000.0,8000.0,7683.333333333333,11.0
Maharashtra,Mumbai,Pulses,Masur Dal,2021-09-07,133.0,Metric Tonnes,8000.0,Rs./Quintal,9,8000.0,8000.0,7700.0,41.0
Maharashtra,Mumbai,Pulses,Masur Dal,2021-09-08,66.0,Metric Tonnes,8000.0,Rs./Quintal,9,8000.0,8000.0,7716.666666666667,133.0
Maharashtra,Mumbai,Pulses,Masur Dal,2021-09-09,94.0,Metric Tonnes,8000.0,Rs./Quintal,9,8000.0,8000.0,7733.333333333333,66.0
Maharashtra,Mumbai,Pulses,Masur Dal,2021-09-11,81.0,Metric Tonnes,8000.0,Rs./Quintal,9,8000.0,8000.0,7750.0,94.0
Maharashtra,Mumbai,Pulses,Masur Dal,2021-09-13,17.0,Metric Tonnes,8500.0,Rs./Quintal,9,8000.0,8000.0,7783.333333333333,81.0
Maharashtra,Mumbai,Pulses,Masur Dal,2021-09-14,82.0,Metric Tonnes,8500.0,Rs./Quintal,9,8500.0,8000.0,7816.666666666667,17.0
Maharashtra,Mumbai,Pulses,Masur Dal,2021-09-15,32.0,Metric Tonnes,8500.0,Rs./Quintal,9,8500.0,8000.0,7850.0,82.0
Maharashtra,Mumbai,Pulses,Masur Dal,2021-09-16,55.0,Metric Tonnes,8500.0,Rs./Quintal,9,8500.0,8000.0,7883.333333333333,32.0
Maharashtra,Mumbai,Pulses,Masur Dal,2021-09-17,49.0,Metric Tonnes,8500.0,Rs./Quintal,9,8500.0,8000.0,7916.666666666667,55.0
Maharashtra,Mumbai,Pulses,Masur Dal,2021-09-18,52.0,Metric Tonnes,8500.0,Rs./Quintal,9,8500.0,8000.0,7950.0,49.0
Maharashtra,Mumbai,Pulses,Masur Dal,2021-09-20,29.0,Metric Tonnes,8500.0,Rs./Quintal,9,8500.0,8000.0,7983.333333333333,52.0
Maharashtra,Mumbai,Pulses,Masur Dal,2021-09-21,18.0,Metric Tonnes,8500.0,Rs./Quintal,9,8500.0,8500.0,8016.666666666667,29.0
Maharashtra,Mumbai,Pulses,Masur Dal,2021-09-22,15.0,Metric Tonnes,8500.0,Rs./Quintal,9,8500.0,8500.0,8050.0,18.0
Maharashtra,Mumbai,Pulses,Masur Dal,2021-09-23,45.0,Metric Tonnes,8500.0,Rs./Quintal,9,8500.0,8500.0,8083.333333333333,15.0
Maharashtra,Mumbai,Pulses,Masur Dal,2021-09-24,16.0,Metric Tonnes,8500.0,Rs./Quintal,9,8500.0,8500.0,8116.666666666667,45.0
Maharashtra,Mumbai,Pulses,Masur Dal,2021-09-27,137.0,Metric Tonnes,8500.0,Rs./Quintal,9,8500.0,8500.0,8150.0,16.0
Maharashtra,Mumbai,Pulses,Masur Dal,2021-09-28,30.0,Metric Tonnes,8500.0,Rs./Quintal,9,8500.0,8500.0,8183.333333333333,137.0
Maharashtra,Mumbai,Pulses,Masur Dal,2021-09-30,218.0,Metric Tonnes,8500.0,Rs./Quintal,9,8500.0,8500.0,8216.666666666666,30.0
Maharashtra,Mumbai,Pulses,Masur Dal,2021-10-01,174.0,Metric Tonnes,8500.0,Rs./Quintal,10,8500.0,8500.0,8250.0,218.0
Maharashtra,Mumbai,Pulses,Masur Dal,2021-10-02,38.0,Metric Tonnes,8500.0,Rs./Quintal,10,8500.0,8500.0,8266.666666666666,174.0
Maharashtra,Mumbai,Pulses,Masur Dal,2021-10-04,79.0,Metric Tonnes,8700.0,Rs./Quintal,10,8500.0,8500.0,8290.0,38.0
Maharashtra,Mumbai,Pulses,Masur Dal,2021-10-05,74.0,Metric Tonnes,8700.0,Rs./Quintal,10,8700.0,8500.0,8313.333333333334,79.0
Maharashtra,Mumbai,Pulses,Masur Dal,2021-10-06,47.0,Metric Tonnes,8700.0,Rs./Quintal,10,8700.0,8500.0,8336.666666666666,74.0
Maharashtra,Mumbai,Pulses,Masur Dal,2021-10-07,31.0,Metric Tonnes,8700.0,Rs./Quintal,10,8700.0,8500.0,8360.0,47.0
Maharashtra,Mumbai,Pulses,Masur Dal,2021-10-08,40.0,Metric Tonnes,8700.0,Rs./Quintal,10,8700.0,8500.0,8383.333333333334,31.0
Maharashtra,Mumbai,Pulses,Masur Dal,2021-10-09,69.0,Metric Tonnes,8700.0,Rs./Quintal,10,8700.0,8500.0,8406.666666666666,40.0
Maharashtra,Mumbai,Pulses,Masur Dal,2021-10-12,137.0,Metric Tonnes,8700.0,Rs./Quintal,10,8700.0,8500.0,8430.0,69.0
Maharashtra,Mumbai,Pulses,Masur Dal,2021-10-13,43.0,Metric Tonnes,8700.0,Rs./Quintal,10,8700.0,8700.0,8453.333333333334,137.0
Maharashtra,Mumbai,Pulses,Masur Dal,2021-10-14,50.0,Metric Tonnes,8700.0,Rs./Quintal,10,8700.0,8700.0,8476.666666666666,43.0
Maharashtra,Mumbai,Pulses,Masur Dal,2021-10-16,92.0,Metric Tonnes,8750.0,Rs./Quintal,10,8700.0,8700.0,8501.666666666666,50.0
Maharashtra,Mumbai,Pulses,Masur Dal,2021-10-18,158.0,Metric Tonnes,8700.0,Rs./Quintal,10,8750.0,8700.0,8525.0,92.0
Maharashtra,Mumbai,Pulses,Masur Dal,2021-10-19,45.0,Metric Tonnes,8700.0,Rs./Quintal,10,8700.0,8700.0,8548.333333333334,158.0
Maharashtra,Mumbai,Pulses,Masur Dal,2021-10-20,37.0,Metric Tonnes,8700.0,Rs./Quintal,10,8700.0,8700.0,8571.666666666666,45.0
Maharashtra,Mumbai,Pulses,Masur Dal,2021-10-21,59.0,Metric Tonnes,8700.0,Rs./Quintal,10,8700.0,8700.0,8595.0,37.0
Maharashtra,Mumbai,Pulses,Masur Dal,2021-10-22,39.0,Metric Tonnes,8700.0,Rs./Quintal,10,8700.0,8700.0,8601.666666666666,59.0
Maharashtra,Mumbai,Pulses,Masur Dal,2021-10-23,60.0,Metric Tonnes,8700.0,Rs./Quintal,10,8700.0,8700.0,8608.333333333334,39.0
Maharashtra,Mumbai,Pulses,Masur Dal,2021-10-25,33.0,Metric Tonnes,8700.0,Rs./Quintal,10,8700.0,8750.0,8615.0,60.0
Maharashtra,Mumbai,Pulses,Masur Dal,2021-10-26,75.0,Metric Tonnes,8700.0,Rs./Quintal,10,8700.0,8700.0,8621.666666666666,33.0
Maharashtra,Mumbai,Pulses,Masur Dal,2021-10-27,52.0,Metric Tonnes,8700.0,Rs./Quintal,10,8700.0,8700.0,8628.333333333334,75.0
Maharashtra,Mumbai,Pulses,Masur Dal,2021-10-28,56.0,Metric Tonnes,8700.0,Rs./Quintal,10,8700.0,8700.0,8635.0,52.0
Maharashtra,Mumbai,Pulses,Masur Dal,2021-10-29,41.0,Metric Tonnes,8700.0,Rs./Quintal,10,8700.0,8700.0,8641.666666666666,56.0
Maharashtra,Mumbai,Pulses,Masur Dal,2021-10-30,43.0,Metric Tonnes,8700.0,Rs./Quintal,10,8700.0,8700.0,8648.333333333334,41.0
Maharashtra,Mumbai,Pulses,Masur Dal,2021-11-01,78.0,Metric Tonnes,8700.0,Rs./Quintal,11,8700.0,8700.0,8655.0,43.0
Maharashtra,Mumbai,Pulses,Masur Dal,2021-11-02,41.0,Metric Tonnes,8700.0,Rs./Quintal,11,8700.0,8700.0,8661.666666666666,78.0
Maharashtra,Mumbai,Pulses,Masur Dal,2021-11-03,96.0,Metric Tonnes,8700.0,Rs./Quintal,11,8700.0,8700.0,8668.333333333334,41.0
Maharashtra,Mumbai,Pulses,Masur Dal,2021-11-05,62.0,Metric Tonnes,8700.0,Rs./Quintal,11,8700.0,8700.0,8675.0,96.0
Maharashtra,Mumbai,Pulses,Masur Dal,2021-11-08,102.0,Metric Tonnes,8700.0,Rs./Quintal,11,8700.0,8700.0,8681.666666666666,62.0
Maharashtra,Mumbai,Pulses,Masur Dal,2021-11-09,81.0,Metric Tonnes,8700.0,Rs./Quintal,11,8700.0,8700.0,8688.333333333334,102.0
Maharashtra,Mumbai,Pulses,Masur Dal,2021-11-10,148.0,Metric Tonnes,8700.0,Rs./Quintal,11,8700.0,8700.0,8695.0,81.0
Maharashtra,Mumbai,Pulses,Masur Dal,2021-11-11,73.0,Metric Tonnes,8700.0,Rs./Quintal,11,8700.0,8700.0,8701.666666666666,148.0
Maharashtra,Mumbai,Pulses,Masur Dal,2021-11-12,47.0,Metric Tonnes,8700.0,Rs./Quintal,11,8700.0,8700.0,8701.666666666666,73.0
Maharashtra,Mumbai,Pulses,Masur Dal,2021-11-13,55.0,Metric Tonnes,8700.0,Rs./Quintal,11,8700.0,8700.0,8701.666666666666,47.0
Maharashtra,Mumbai,Pulses,Masur Dal,2021-11-15,86.0,Metric Tonnes,8700.0,Rs./Quintal,11,8700.0,8700.0,8701.666666666666,55.0
Maharashtra,Mumbai,Pulses,Masur Dal,2021-11-16,83.0,Metric Tonnes,8400.0,Rs./Quintal,11,8700.0,8700.0,8691.666666666666,86.0
Maharashtra,Mumbai,Pulses,Masur Dal,2021-11-17,64.0,Metric Tonnes,8400.0,Rs./Quintal,11,8400.0,8700.0,8681.666666666666,83.0
Maharashtra,Mumbai,Pulses,Masur Dal,2021-11-18,30.0,Metric Tonnes,8400.0,Rs./Quintal,11,8400.0,8700.0,8671.666666666666,64.0
Maharashtra,Mumbai,Pulses,Masur Dal,2021-11-19,35.0,Metric Tonnes,8400.0,Rs./Quintal,11,8400.0,8700.0,8661.666666666666,30.0
Maharashtra,Mumbai,Pulses,Masur Dal,2021-11-20,35.0,Metric Tonnes,8400.0,Rs./Quintal,11,8400.0,8700.0,8651.666666666666,35.0
Maharashtra,Mumbai,Pulses,Masur Dal,2021-11-22,82.0,Metric Tonnes,8400.0,Rs./Quintal,11,8400.0,8700.0,8641.666666666666,35.0
Maharashtra,Mumbai,Pulses,Masur Dal,2021-11-23,73.0,Metric Tonnes,8400.0,Rs./Quintal,11,8400.0,8700.0,8630.0,82.0
Maharashtra,Mumbai,Pulses,Masur Dal,2021-11-24,88.0,Metric Tonnes,8400.0,Rs./Quintal,11,8400.0,8400.0,8620.0,73.0
Maharashtra,Mumbai,Pulses,Masur Dal,2021-11-25,26.0,Metric Tonnes,8400.0,Rs./Quintal,11,8400.0,8400.0,8610.0,88.0
Maharashtra,Mumbai,Pulses,Masur Dal,2021-11-26,90.0,Metric Tonnes,8400.0,Rs./Quintal,11,8400.0,8400.0,8600.0,26.0
Maharashtra,Mumbai,Pulses,Masur Dal,2021-11-27,61.0,Metric Tonnes,8400.0,Rs./Quintal,11,8400.0,8400.0,8590.0,90.0
Maharashtra,Mumbai,Pulses,Masur Dal,2021-11-30,48.0,Metric Tonnes,8400.0,Rs./Quintal,11,8400.0,8400.0,8580.0,61.0
Maharashtra,Mumbai,Pulses,Masur Dal,2021-12-01,105.0,Metric Tonnes,8400.0,Rs./Quintal,12,8400.0,8400.0,8570.0,48.0
Maharashtra,Mumbai,Pulses,Masur Dal,2021-12-02,41.0,Metric Tonnes,8400.0,Rs./Quintal,12,8400.0,8400.0,8560.0,105.0
Maharashtra,Mumbai,Pulses,Masur Dal,2021-12-03,56.0,Metric Tonnes,8400.0,Rs./Quintal,12,8400.0,8400.0,8550.0,41.0
Maharashtra,Mumbai,Pulses,Masur Dal,2021-12-04,104.0,Metric Tonnes,8400.0,Rs./Quintal,12,8400.0,8400.0,8540.0,56.0
Maharashtra,Mumbai,Pulses,Masur Dal,2021-12-06,92.0,Metric Tonnes,8400.0,Rs./Quintal,12,8400.0,8400.0,8530.0,104.0
Maharashtra,Mumbai,Pulses,Masur Dal,2021-12-07,91.0,Metric Tonnes,8400.0,Rs./Quintal,12,8400.0,8400.0,8520.0,92.0
Maharashtra,Mumbai,Pulses,Masur Dal,2021-12-08,72.0,Metric Tonnes,8400.0,Rs./Quintal,12,8400.0,8400.0,8510.0,91.0
Maharashtra,Mumbai,Pulses,Masur Dal,2021-12-09,50.0,Metric Tonnes,8400.0,Rs./Quintal,12,8400.0,8400.0,8500.0,72.0
Maharashtra,Mumbai,Pulses,Masur Dal,2021-12-10,51.0,Metric Tonnes,8400.0,Rs./Quintal,12,8400.0,8400.0,8490.0,50.0
Maharashtra,Mumbai,Pulses,Masur Dal,2021-12-11,79.0,Metric Tonnes,8400.0,Rs./Quintal,12,8400.0,8400.0,8480.0,51.0
Maharashtra,Mumbai,Pulses,Masur Dal,2021-12-13,62.0,Metric Tonnes,8400.0,Rs./Quintal,12,8400.0,8400.0,8470.0,79.0
Maharashtra,Mumbai,Pulses,Masur Dal,2021-12-14,199.0,Metric Tonnes,10000.0,Rs./Quintal,12,8400.0,8400.0,8513.333333333334,62.0
Maharashtra,Mumbai,Pulses,Masur Dal,2021-12-15,29.0,Metric Tonnes,8400.0,Rs./Quintal,12,10000.0,8400.0,8503.333333333334,199.0
Maharashtra,Mumbai,Pulses,Masur Dal,2021-12-16,50.0,Metric Tonnes,8400.0,Rs./Quintal,12,8400.0,8400.0,8493.333333333334,29.0
Maharashtra,Mumbai,Pulses,Masur Dal,2021-12-17,67.0,Metric Tonnes,8400.0,Rs./Quintal,12,8400.0,8400.0,8483.333333333334,50.0
Maharashtra,Mumbai,Pulses,Masur Dal,2021-12-18,39.0,Metric Tonnes,8400.0,Rs./Quintal,12,8400.0,8400.0,8473.333333333334,67.0
Maharashtra,Mumbai,Pulses,Masur Dal,2021-12-20,17.0,Metric Tonnes,8400.0,Rs./Quintal,12,8400.0,8400.0,8463.333333333334,39.0
Maharashtra,Mumbai,Pulses,Masur Dal,2021-12-21,115.0,Metric Tonnes,8400.0,Rs./Quintal,12,8400.0,8400.0,8453.333333333334,17.0
Maharashtra,Mumbai,Pulses,Masur Dal,2021-12-22,39.0,Metric Tonnes,8400.0,Rs./Quintal,12,8400.0,10000.0,8453.333333333334,115.0
Maharashtra,Mumbai,Pulses,Masur Dal,2021-12-23,52.0,Metric Tonnes,8400.0,Rs./Quintal,12,8400.0,8400.0,8453.333333333334,39.0
Maharashtra,Mumbai,Pulses,Masur Dal,2021-12-24,65.0,Metric Tonnes,8400.0,Rs./Quintal,12,8400.0,8400.0,8453.333333333334,52.0
Maharashtra,Mumbai,Pulses,Masur Dal,2021-12-25,67.0,Metric Tonnes,8400.0,Rs./Quintal,12,8400.0,8400.0,8453.333333333334,65.0
Maharashtra,Mumbai,Pulses,Masur Dal,2021-12-27,35.0,Metric Tonnes,8400.0,Rs./Quintal,12,8400.0,8400.0,8453.333333333334,67.0
Maharashtra,Mumbai,Pulses,Masur Dal,2021-12-28,81.0,Metric Tonnes,8400.0,Rs./Quintal,12,8400.0,8400.0,8453.333333333334,35.0
Maharashtra,Mumbai,Pulses,Masur Dal,2021-12-29,25.0,Metric Tonnes,8400.0,Rs./Quintal,12,8400.0,8400.0,8453.333333333334,81.0
Maharashtra,Mumbai,Pulses,Masur Dal,2021-12-30,63.0,Metric Tonnes,8400.0,Rs./Quintal,12,8400.0,8400.0,8453.333333333334,25.0
Maharashtra,Mumbai,Pulses,Masur Dal,2021-12-31,56.0,Metric Tonnes,8400.0,Rs./Quintal,12,8400.0,8400.0,8453.333333333334,63.0
Maharashtra,Mumbai,Pulses,Masur Dal,2022-01-01,52.0,Metric Tonnes,8200.0,Rs./Quintal,1,8400.0,8400.0,8446.666666666666,56.0
Maharashtra,Mumbai,Pulses,Masur Dal,2022-01-03,82.0,Metric Tonnes,8200.0,Rs./Quintal,1,8200.0,8400.0,8440.0,52.0
Maharashtra,Mumbai,Pulses,Masur Dal,2022-01-04,90.0,Metric Tonnes,8200.0,Rs./Quintal,1,8200.0,8400.0,8433.333333333334,82.0
Maharashtra,Mumbai,Pulses,Masur Dal,2022-01-05,78.0,Metric Tonnes,8200.0,Rs./Quintal,1,8200.0,8400.0,8426.666666666666,90.0
Maharashtra,Mumbai,Pulses,Masur Dal,2022-01-07,137.0,Metric Tonnes,8200.0,Rs./Quintal,1,8200.0,8400.0,8420.0,78.0
Maharashtra,Mumbai,Pulses,Masur Dal,2022-01-08,115.0,Metric Tonnes,8200.0,Rs./Quintal,1,8200.0,8400.0,8413.333333333334,137.0
Maharashtra,Mumbai,Pulses,Masur Dal,2022-01-10,102.0,Metric Tonnes,8200.0,Rs./Quintal,1,8200.0,8400.0,8406.666666666666,115.0
Maharashtra,Mumbai,Pulses,Masur Dal,2022-01-11,86.0,Metric Tonnes,8200.0,Rs./Quintal,1,8200.0,8200.0,8400.0,102.0
Maharashtra,Mumbai,Pulses,Masur Dal,2022-01-12,104.0,Metric Tonnes,9500.0,Rs./Quintal,1,8200.0,8200.0,8436.666666666666,86.0
Maharashtra,Mumbai,Pulses,Masur Dal,2022-01-14,42.0,Metric Tonnes,8200.0,Rs./Quintal,1,9500.0,8200.0,8430.0,104.0
Maharashtra,Mumbai,Pulses,Masur Dal,2022-01-15,33.0,Metric Tonnes,8200.0,Rs./Quintal,1,8200.0,8200.0,8423.333333333334,42.0
Maharashtra,Mumbai,Pulses,Masur Dal,2022-01-17,21.0,Metric Tonnes,8200.0,Rs./Quintal,1,8200.0,8200.0,8416.666666666666,33.0
Maharashtra,Mumbai,Pulses,Masur Dal,2022-01-18,35.0,Metric Tonnes,8200.0,Rs./Quintal,1,8200.0,8200.0,8410.0,21.0
Maharashtra,Mumbai,Pulses,Masur Dal,2022-01-19,86.0,Metric Tonnes,8200.0,Rs./Quintal,1,8200.0,8200.0,8403.333333333334,35.0
Maharashtra,Mumbai,Pulses,Masur Dal,2022-01-20,53.0,Metric Tonnes,8200.0,Rs./Quintal,1,8200.0,8200.0,8343.333333333334,86.0
Maharashtra,Mumbai,Pulses,Masur Dal,2022-01-21,45.0,Metric Tonnes,8200.0,Rs./Quintal,1,8200.0,9500.0,8336.666666666666,53.0
Maharashtra,Mumbai,Pulses,Masur Dal,2022-01-22,13.0,Metric Tonnes,8200.0,Rs./Quintal,1,8200.0,8200.0,8330.0,45.0
Maharashtra,Mumbai,Pulses,Masur Dal,2022-01-24,32.0,Metric Tonnes,8200.0,Rs./Quintal,1,8200.0,8200.0,8323.333333333334,13.0
Maharashtra,Mumbai,Pulses,Masur Dal,2022-01-25,55.0,Metric Tonnes,8200.0,Rs./Quintal,1,8200.0,8200.0,8316.666666666666,32.0
Maharashtra,Mumbai,Pulses,Masur Dal,2022-01-27,22.0,Metric Tonnes,8200.0,Rs./Quintal,1,8200.0,8200.0,8310.0,55.0
Maharashtra,Mumbai,Pulses,Masur Dal,2022-01-28,43.0,Metric Tonnes,8200.0,Rs./Quintal,1,8200.0,8200.0,8303.333333333334,22.0
Maharashtra,Mumbai,Pulses,Masur Dal,2022-01-29,55.0,Metric Tonnes,8200.0,Rs./Quintal,1,8200.0,8200.0,8296.666666666666,43.0
Maharashtra,Mumbai,Pulses,Masur Dal,2022-01-31,54.0,Metric Tonnes,8200.0,Rs./Quintal,1,8200.0,8200.0,8290.0,55.0
Maharashtra,Mumbai,Pulses,Masur Dal,2022-02-01,59.0,Metric Tonnes,8200.0,Rs./Quintal,2,8200.0,8200.0,8283.333333333334,54.0
Maharashtra,Mumbai,Pulses,Masur Dal,2022-02-02,31.0,Metric Tonnes,8200.0,Rs./Quintal,2,8200.0,8200.0,8276.666666666666,59.0
Maharashtra,Mumbai,Pulses,Masur Dal,2022-02-03,48.0,Metric Tonnes,8200.0,Rs./Quintal,2,8200.0,8200.0,8270.0,31.0
Maharashtra,Mumbai,Pulses,Masur Dal,2022-02-04,61.0,Metric Tonnes,9500.0,Rs./Quintal,2,8200.0,8200.0,8306.666666666666,48.0
Maharashtra,Mumbai,Pulses,Masur Dal,2022-02-05,87.0,Metric Tonnes,8200.0,Rs./Quintal,2,9500.0,8200.0,8300.0,61.0
Maharashtra,Mumbai,Pulses,Masur Dal,2022-02-07,115.0,Metric Tonnes,8200.0,Rs./Quintal,2,8200.0,8200.0,8293.333333333334,87.0
Maharashtra,Mumbai,Pulses,Masur Dal,2022-02-08,78.0,Metric Tonnes,8200.0,Rs./Quintal,2,8200.0,8200.0,8286.666666666666,115.0
Maharashtra,Mumbai,Pulses,Masur Dal,2022-02-09,44.0,Metric Tonnes,8200.0,Rs./Quintal,2,8200.0,8200.0,8286.666666666666,78.0
Maharashtra,Mumbai,Pulses,Masur Dal,2022-02-10,87.0,Metric Tonnes,8200.0,Rs./Quintal,2,8200.0,8200.0,8286.666666666666,44.0
Maharashtra,Mumbai,Pulses,Masur Dal,2022-02-11,60.0,Metric Tonnes,8200.0,Rs./Quintal,2,8200.0,8200.0,8286.666666666666,87.0
Maharashtra,Mumbai,Pulses,Masur Dal,2022-02-12,68.0,Metric Tonnes,8200.0,Rs./Quintal,2,8200.0,9500.0,8286.666666666666,60.0
Maharashtra,Mumbai,Pulses,Masur Dal,2022-02-14,88.0,Metric Tonnes,8200.0,Rs./Quintal,2,8200.0,8200.0,8286.666666666666,68.0
Maharashtra,Mumbai,Pulses,Masur Dal,2022-02-15,118.0,Metric Tonnes,8200.0,Rs./Quintal,2,8200.0,8200.0,8286.666666666666,88.0
Maharashtra,Mumbai,Pulses,Masur Dal,2022-02-16,46.0,Metric Tonnes,8200.0,Rs./Quintal,2,8200.0,8200.0,8286.666666666666,118.0
Maharashtra,Mumbai,Pulses,Masur Dal,2022-02-17,34.0,Metric Tonnes,8200.0,Rs./Quintal,2,8200.0,8200.0,8286.666666666666,46.0
Maharashtra,Mumbai,Pulses,Masur Dal,2022-02-18,30.0,Metric Tonnes,8200.0,Rs./Quintal,2,8200.0,8200.0,8243.333333333334,34.0
Maharashtra,Mumbai,Pulses,Masur Dal,2022-02-21,73.0,Metric Tonnes,8200.0,Rs./Quintal,2,8200.0,8200.0,8243.333333333334,30.0
Maharashtra,Mumbai,Pulses,Masur Dal,2022-02-22,93.0,Metric Tonnes,8200.0,Rs./Quintal,2,8200.0,8200.0,8243.333333333334,73.0
Maharashtra,Mumbai,Pulses,Masur Dal,2022-02-23,38.0,Metric Tonnes,8200.0,Rs./Quintal,2,8200.0,8200.0,8243.333333333334,93.0
Maharashtra,Mumbai,Pulses,Masur Dal,2022-02-24,56.0,Metric Tonnes,8200.0,Rs./Quintal,2,8200.0,8200.0,8243.333333333334,38.0
Maharashtra,Mumbai,Pulses,Masur Dal,2022-02-25,34.0,Metric Tonnes,8200.0,Rs./Quintal,2,8200.0,8200.0,8243.333333333334,56.0
Maharashtra,Mumbai,Pulses,Masur Dal,2022-02-26,51.0,Metric Tonnes,8200.0,Rs./Quintal,2,8200.0,8200.0,8243.333333333334,34.0
Maharashtra,Mumbai,Pulses,Masur Dal,2022-02-28,92.0,Metric Tonnes,8200.0,Rs./Quintal,2,8200.0,8200.0,8243.333333333334,51.0
Maharashtra,Mumbai,Pulses,Masur Dal,2022-03-02,99.0,Metric Tonnes,8000.0,Rs./Quintal,3,8200.0,8200.0,8236.666666666666,92.0
Maharashtra,Mumbai,Pulses,Masur Dal,2022-03-03,41.0,Metric Tonnes,8000.0,Rs./Quintal,3,8000.0,8200.0,8230.0,99.0
Maharashtra,Mumbai,Pulses,Masur Dal,2022-03-04,107.0,Metric Tonnes,8000.0,Rs./Quintal,3,8000.0,8200.0,8223.333333333334,41.0
Maharashtra,Mumbai,Pulses,Masur Dal,2022-03-05,71.0,Metric Tonnes,8000.0,Rs./Quintal,3,8000.0,8200.0,8216.666666666666,107.0
Maharashtra,Mumbai,Pulses,Masur Dal,2022-03-07,62.0,Metric Tonnes,8000.0,Rs./Quintal,3,8000.0,8200.0,8210.0,71.0
Maharashtra,Mumbai,Pulses,Masur Dal,2022-03-08,107.0,Metric Tonnes,8000.0,Rs./Quintal,3,8000.0,8200.0,8203.333333333334,62.0
Maharashtra,Mumbai,Pulses,Masur Dal,2022-03-09,81.0,Metric Tonnes,8000.0,Rs./Quintal,3,8000.0,8200.0,8196.666666666666,107.0
Maharashtra,Mumbai,Pulses,Masur Dal,2022-03-10,89.0,Metric Tonnes,8000.0,Rs./Quintal,3,8000.0,8000.0,8190.0,81.0
Maharashtra,Mumbai,Pulses,Masur Dal,2022-03-11,62.0,Metric Tonnes,8000.0,Rs./Quintal,3,8000.0,8000.0,8183.333333333333,89.0
Maharashtra,Mumbai,Pulses,Masur Dal,2022-03-12,32.0,Metric Tonnes,8000.0,Rs./Quintal,3,8000.0,8000.0,8176.666666666667,62.0
Maharashtra,Mumbai,Pulses,Masur Dal,2022-03-14,84.0,Metric Tonnes,8000.0,Rs./Quintal,3,8000.0,8000.0,8126.666666666667,32.0
Maharashtra,Mumbai,Pulses,Masur Dal,2022-03-15,92.0,Metric Tonnes,8000.0,Rs./Quintal,3,8000.0,8000.0,8120.0,84.0
Maharashtra,Mumbai,Pulses,Masur Dal,2022-03-16,77.0,Metric Tonnes,8000.0,Rs./Quintal,3,8000.0,8000.0,8113.333333333333,92.0
Maharashtra,Mumbai,Pulses,Masur Dal,2022-03-17,43.0,Metric Tonnes,8000.0,Rs./Quintal,3,8000.0,8000.0,8106.666666666667,77.0
Maharashtra,Mumbai,Pulses,Masur Dal,2022-03-19,97.0,Metric Tonnes,8000.0,Rs./Quintal,3,8000.0,8000.0,8100.0,43.0
Maharashtra,Mumbai,Pulses,Masur Dal,2022-03-21,91.0,Metric Tonnes,8000.0,Rs./Quintal,3,8000.0,8000.0,8093.333333333333,97.0
Maharashtra,Mumbai,Pulses,Masur Dal,2022-03-22,59.0,Metric Tonnes,8000.0,Rs./Quintal,3,8000.0,8000.0,8086.666666666667,91.0
Maharashtra,Mumbai,Pulses,Masur Dal,2022-03-24,121.0,Metric Tonnes,8000.0,Rs./Quintal,3,8000.0,8000.0,8080.0,59.0
Maharashtra,Mumbai,Pulses,Masur Dal,2022-03-25,66.0,Metric Tonnes,8000.0,Rs./Quintal,3,8000.0,8000.0,8073.333333333333,121.0
Maharashtra,Mumbai,Pulses,Masur Dal,2022-03-26,89.0,Metric Tonnes,8000.0,Rs./Quintal,3,8000.0,8000.0,8066.666666666667,66.0
Maharashtra,Mumbai,Pulses,Masur Dal,2022-03-28,95.0,Metric Tonnes,8000.0,Rs./Quintal,3,8000.0,8000.0,8060.0,89.0
Maharashtra,Mumbai,Pulses,Masur Dal,2022-03-29,54.0,Metric Tonnes,8000.0,Rs./Quintal,3,8000.0,8000.0,8053.333333333333,95.0
Maharashtra,Mumbai,Pulses,Masur Dal,2022-03-30,96.0,Metric Tonnes,8000.0,Rs./Quintal,3,8000.0,8000.0,8046.666666666667,54.0
Maharashtra,Mumbai,Pulses,Masur Dal,2022-03-31,6.0,Metric Tonnes,8000.0,Rs./Quintal,3,8000.0,8000.0,8040.0,96.0
Maharashtra,Mumbai,Pulses,Masur Dal,2022-04-01,34.0,Metric Tonnes,8000.0,Rs./Quintal,4,8000.0,8000.0,8033.333333333333,6.0
Maharashtra,Mumbai,Pulses,Masur Dal,2022-04-02,115.0,Metric Tonnes,8000.0,Rs./Quintal,4,8000.0,8000.0,8026.666666666667,34.0
Maharashtra,Mumbai,Pulses,Masur Dal,2022-04-04,22.0,Metric Tonnes,8000.0,Rs./Quintal,4,8000.0,8000.0,8020.0,115.0
Maharashtra,Mumbai,Pulses,Masur Dal,2022-04-05,78.0,Metric Tonnes,8000.0,Rs./Quintal,4,8000.0,8000.0,8013.333333333333,22.0
Maharashtra,Mumbai,Pulses,Masur Dal,2022-04-06,182.0,Metric Tonnes,8000.0,Rs./Quintal,4,8000.0,8000.0,8006.666666666667,78.0
Maharashtra,Mumbai,Pulses,Masur Dal,2022-04-07,70.0,Metric Tonnes,8000.0,Rs./Quintal,4,8000.0,8000.0,8000.0,182.0
Maharashtra,Mumbai,Pulses,Masur Dal,2022-04-08,57.0,Metric Tonnes,8000.0,Rs./Quintal,4,8000.0,8000.0,8000.0,70.0
Maharashtra,Mumbai,Pulses,Masur Dal,2022-04-09,66.0,Metric Tonnes,8000.0,Rs./Quintal,4,8000.0,8000.0,8000.0,57.0
Maharashtra,Mumbai,Pulses,Masur Dal,2022-04-11,20.0,Metric Tonnes,8000.0,Rs./Quintal,4,8000.0,8000.0,8000.0,66.0
Maharashtra,Mumbai,Pulses,Masur Dal,2022-04-12,63.0,Metric Tonnes,8000.0,Rs./Quintal,4,8000.0,8000.0,8000.0,20.0
Maharashtra,Mumbai,Pulses,Masur Dal,2022-04-13,41.0,Metric Tonnes,8400.0,Rs./Quintal,4,8000.0,8000.0,8013.333333333333,63.0
Maharashtra,Mumbai,Pulses,Masur Dal,2022-04-14,28.0,Metric Tonnes,8400.0,Rs./Quintal,4,8400.0,8000.0,8026.666666666667,41.0
Maharashtra,Mumbai,Pulses,Masur Dal,2022-04-15,25.0,Metric Tonnes,8400.0,Rs./Quintal,4,8400.0,8000.0,8040.0,28.0
Maharashtra,Mumbai,Pulses,Masur Dal,2022-04-16,29.0,Metric Tonnes,8400.0,Rs./Quintal,4,8400.0,8000.0,8053.333333333333,25.0
Maharashtra,Mumbai,Pulses,Masur Dal,2022-04-18,62.0,Metric Tonnes,8400.0,Rs./Quintal,4,8400.0,8000.0,8066.666666666667,29.0
Maharashtra,Mumbai,Pulses,Masur Dal,2022-04-19,26.0,Metric Tonnes,8400.0,Rs./Quintal,4,8400.0,8000.0,8080.0,62.0
Maharashtra,Mumbai,Pulses,Masur Dal,2022-04-20,85.0,Metric Tonnes,8400.0,Rs./Quintal,4,8400.0,8000.0,8093.333333333333,26.0
Maharashtra,Mumbai,Pulses,Masur Dal,2022-04-21,38.0,Metric Tonnes,8400.0,Rs./Quintal,4,8400.0,8400.0,8106.666666666667,85.0
Maharashtra,Mumbai,Pulses,Masur Dal,2022-04-22,25.0,Metric Tonnes,8400.0,Rs./Quintal,4,8400.0,8400.0,8120.0,38.0
Maharashtra,Mumbai,Pulses,Masur Dal,2022-04-23,44.0,Metric Tonnes,8400.0,Rs./Quintal,4,8400.0,8400.0,8133.333333333333,25.0
Maharashtra,Mumbai,Pulses,Masur Dal,2022-04-25,76.0,Metric Tonnes,8400.0,Rs./Quintal,4,8400.0,8400.0,8146.666666666667,44.0
Maharashtra,Mumbai,Pulses,Masur Dal,2022-04-26,103.0,Metric Tonnes,8400.0,Rs./Quintal,4,8400.0,8400.0,8160.0,76.0
Maharashtra,Mumbai,Pulses,Masur Dal,2022-04-27,38.0,Metric Tonnes,8400.0,Rs./Quintal,4,8400.0,8400.0,8173.333333333333,103.0
Maharashtra,Mumbai,Pulses,Masur Dal,2022-04-28,36.0,Metric Tonnes,8400.0,Rs./Quintal,4,8400.0,8400.0,8186.666666666667,38.0
Maharashtra,Mumbai,Pulses,Masur Dal,2022-04-29,42.0,Metric Tonnes,8400.0,Rs./Quintal,4,8400.0,8400.0,8200.0,36.0
Maharashtra,Mumbai,Pulses,Masur Dal,2022-04-30,81.0,Metric Tonnes,8400.0,Rs./Quintal,4,8400.0,8400.0,8213.333333333334,42.0
Maharashtra,Mumbai,Pulses,Masur Dal,2022-05-02,85.0,Metric Tonnes,8400.0,Rs./Quintal,5,8400.0,8400.0,8226.666666666666,81.0
Maharashtra,Mumbai,Pulses,Masur Dal,2022-05-03,83.0,Metric Tonnes,8400.0,Rs./Quintal,5,8400.0,8400.0,8240.0,85.0
Maharashtra,Mumbai,Pulses,Masur Dal,2022-05-04,20.0,Metric Tonnes,8400.0,Rs./Quintal,5,8400.0,8400.0,8253.333333333334,83.0
Maharashtra,Mumbai,Pulses,Masur Dal,2022-05-05,70.0,Metric Tonnes,8400.0,Rs./Quintal,5,8400.0,8400.0,8266.666666666666,20.0
Maharashtra,Mumbai,Pulses,Masur Dal,2022-05-06,39.0,Metric Tonnes,8400.0,Rs./Quintal,5,8400.0,8400.0,8280.0,70.0
Maharashtra,Mumbai,Pulses,Masur Dal,2022-05-07,64.0,Metric Tonnes,8400.0,Rs./Quintal,5,8400.0,8400.0,8293.333333333334,39.0
Maharashtra,Mumbai,Pulses,Masur Dal,2022-05-09,89.0,Metric Tonnes,8400.0,Rs./Quintal,5,8400.0,8400.0,8306.666666666666,64.0
Maharashtra,Mumbai,Pulses,Masur Dal,2022-05-10,28.0,Metric Tonnes,8400.0,Rs./Quintal,5,8400.0,8400.0,8320.0,89.0
Maharashtra,Mumbai,Pulses,Masur Dal,2022-05-11,44.0,Metric Tonnes,8400.0,Rs./Quintal,5,8400.0,8400.0,8333.333333333334,28.0
Maharashtra,Mumbai,Pulses,Masur Dal,2022-05-12,107.0,Metric Tonnes,8400.0,Rs./Quintal,5,8400.0,8400.0,8346.666666666666,44.0
Maharashtra,Mumbai,Pulses,Masur Dal,2022-05-14,42.0,Metric Tonnes,8400.0,Rs./Quintal,5,8400.0,8400.0,8360.0,107.0
Maharashtra,Mumbai,Pulses,Masur Dal,2022-05-16,43.0,Metric Tonnes,8400.0,Rs./Quintal,5,8400.0,8400.0,8373.333333333334,42.0
Maharashtra,Mumbai,Pulses,Masur Dal,2022-05-17,58.0,Metric Tonnes,8400.0,Rs./Quintal,5,8400.0,8400.0,8386.666666666666,43.0
Maharashtra,Mumbai,Pulses,Masur Dal,2022-05-19,16.0,Metric Tonnes,8400.0,Rs./Quintal,5,8400.0,8400.0,8400.0,58.0
Maharashtra,Mumbai,Pulses,Masur Dal,2022-05-20,15.0,Metric Tonnes,8400.0,Rs./Quintal,5,8400.0,8400.0,8400.0,16.0
Maharashtra,Mumbai,Pulses,Masur Dal,2022-05-21,39.0,Metric Tonnes,8400.0,Rs./Quintal,5,8400.0,8400.0,8400.0,15.0
Maharashtra,Mumbai,Pulses,Masur Dal,2022-05-23,115.0,Metric Tonnes,8400.0,Rs./Quintal,5,8400.0,8400.0,8400.0,39.0
Maharashtra,Mumbai,Pulses,Masur Dal,2022-05-24,114.0,Metric Tonnes,8400.0,Rs./Quintal,5,8400.0,8400.0,8400.0,115.0
Maharashtra,Mumbai,Pulses,Masur Dal,2022-05-25,48.0,Metric Tonnes,8400.0,Rs./Quintal,5,8400.0,8400.0,8400.0,114.0
Maharashtra,Mumbai,Pulses,Masur Dal,2022-05-26,19.0,Metric Tonnes,8400.0,Rs./Quintal,5,8400.0,8400.0,8400.0,48.0
Maharashtra,Mumbai,Pulses,Masur Dal,2022-05-27,24.0,Metric Tonnes,8400.0,Rs./Quintal,5,8400.0,8400.0,8400.0,19.0
Maharashtra,Mumbai,Pulses,Masur Dal,2022-05-28,22.0,Metric Tonnes,8400.0,Rs./Quintal,5,8400.0,8400.0,8400.0,24.0
Maharashtra,Mumbai,Pulses,Masur Dal,2022-05-30,12.0,Metric Tonnes,8400.0,Rs./Quintal,5,8400.0,8400.0,8400.0,22.0
Maharashtra,Mumbai,Pulses,Masur Dal,2022-05-31,89.0,Metric Tonnes,8400.0,Rs./Quintal,5,8400.0,8400.0,8400.0,12.0
Maharashtra,Mumbai,Pulses,Masur Dal,2022-06-01,42.0,Metric Tonnes,8400.0,Rs./Quintal,6,8400.0,8400.0,8400.0,89.0
Maharashtra,Mumbai,Pulses,Masur Dal,2022-06-02,36.0,Metric Tonnes,8400.0,Rs./Quintal,6,8400.0,8400.0,8400.0,42.0
Maharashtra,Mumbai,Pulses,Masur Dal,2022-06-07,70.0,Metric Tonnes,8400.0,Rs./Quintal,6,8400.0,8400.0,8400.0,36.0
Maharashtra,Mumbai,Pulses,Masur Dal,2022-06-08,99.0,Metric Tonnes,8400.0,Rs./Quintal,6,8400.0,8400.0,8400.0,70.0
Maharashtra,Mumbai,Pulses,Masur Dal,2022-06-09,64.0,Metric Tonnes,8400.0,Rs./Quintal,6,8400.0,8400.0,8400.0,99.0
Maharashtra,Mumbai,Pulses,Masur Dal,2022-06-10,40.0,Metric Tonnes,8400.0,Rs./Quintal,6,8400.0,8400.0,8400.0,64.0
Maharashtra,Mumbai,Pulses,Masur Dal,2022-06-11,24.0,Metric Tonnes,8400.0,Rs./Quintal,6,8400.0,8400.0,8400.0,40.0
Maharashtra,Mumbai,Pulses,Masur Dal,2022-06-13,122.0,Metric Tonnes,8400.0,Rs./Quintal,6,8400.0,8400.0,8400.0,24.0
Maharashtra,Mumbai,Pulses,Masur Dal,2022-06-14,54.0,Metric Tonnes,8400.0,Rs./Quintal,6,8400.0,8400.0,8400.0,122.0
Maharashtra,Mumbai,Pulses,Masur Dal,2022-06-15,46.0,Metric Tonnes,8400.0,Rs./Quintal,6,8400.0,8400.0,8400.0,54.0
Maharashtra,Mumbai,Pulses,Masur Dal,2022-06-16,51.0,Metric Tonnes,8400.0,Rs./Quintal,6,8400.0,8400.0,8400.0,46.0
Maharashtra,Mumbai,Pulses,Masur Dal,2022-06-17,78.0,Metric Tonnes,8400.0,Rs./Quintal,6,8400.0,8400.0,8400.0,51.0
Maharashtra,Mumbai,Pulses,Masur Dal,2022-06-18,46.0,Metric Tonnes,8400.0,Rs./Quintal,6,8400.0,8400.0,8400.0,78.0
Maharashtra,Mumbai,Pulses,Masur Dal,2022-06-20,31.0,Metric Tonnes,8400.0,Rs./Quintal,6,8400.0,8400.0,8400.0,46.0
Maharashtra,Mumbai,Pulses,Masur Dal,2022-06-21,87.0,Metric Tonnes,8400.0,Rs./Quintal,6,8400.0,8400.0,8400.0,31.0
Maharashtra,Mumbai,Pulses,Masur Dal,2022-06-22,51.0,Metric Tonnes,8400.0,Rs./Quintal,6,8400.0,8400.0,8400.0,87.0
Maharashtra,Mumbai,Pulses,Masur Dal,2022-06-23,23.0,Metric Tonnes,8400.0,Rs./Quintal,6,8400.0,8400.0,8400.0,51.0
Maharashtra,Mumbai,Pulses,Masur Dal,2022-06-24,96.0,Metric Tonnes,8400.0,Rs./Quintal,6,8400.0,8400.0,8400.0,23.0
Maharashtra,Mumbai,Pulses,Masur Dal,2022-06-25,25.0,Metric Tonnes,8400.0,Rs./Quintal,6,8400.0,8400.0,8400.0,96.0
Maharashtra,Mumbai,Pulses,Masur Dal,2022-06-27,52.0,Metric Tonnes,8400.0,Rs./Quintal,6,8400.0,8400.0,8400.0,25.0
Maharashtra,Mumbai,Pulses,Masur Dal,2022-06-28,61.0,Metric Tonnes,8400.0,Rs./Quintal,6,8400.0,8400.0,8400.0,52.0
Maharashtra,Mumbai,Pulses,Masur Dal,2022-06-29,44.0,Metric Tonnes,8400.0,Rs./Quintal,6,8400.0,8400.0,8400.0,61.0
Maharashtra,Mumbai,Pulses,Masur Dal,2022-06-30,61.0,Metric Tonnes,8400.0,Rs./Quintal,6,8400.0,8400.0,8400.0,44.0
Maharashtra,Mumbai,Pulses,Masur Dal,2022-07-02,38.0,Metric Tonnes,8400.0,Rs./Quintal,7,8400.0,8400.0,8400.0,61.0
Maharashtra,Mumbai,Pulses,Masur Dal,2022-07-04,27.0,Metric Tonnes,8400.0,Rs./Quintal,7,8400.0,8400.0,8400.0,38.0
Maharashtra,Mumbai,Pulses,Masur Dal,2022-07-05,72.0,Metric Tonnes,8400.0,Rs./Quintal,7,8400.0,8400.0,8400.0,27.0
Maharashtra,Mumbai,Pulses,Masur Dal,2022-07-06,55.0,Metric Tonnes,8400.0,Rs./Quintal,7,8400.0,8400.0,8400.0,72.0
Maharashtra,Mumbai,Pulses,Masur Dal,2022-07-07,71.0,Metric Tonnes,8400.0,Rs./Quintal,7,8400.0,8400.0,8400.0,55.0
Maharashtra,Mumbai,Pulses,Masur Dal,2022-07-08,52.0,Metric Tonnes,8400.0,Rs./Quintal,7,8400.0,8400.0,8400.0,71.0
Maharashtra,Mumbai,Pulses,Masur Dal,2022-07-09,48.0,Metric Tonnes,8400.0,Rs./Quintal,7,8400.0,8400.0,8400.0,52.0
Maharashtra,Mumbai,Pulses,Masur Dal,2022-07-11,101.0,Metric Tonnes,8400.0,Rs./Quintal,7,8400.0,8400.0,8400.0,48.0
Maharashtra,Mumbai,Pulses,Masur Dal,2022-07-12,58.0,Metric Tonnes,8400.0,Rs./Quintal,7,8400.0,8400.0,8400.0,101.0
Maharashtra,Mumbai,Pulses,Masur Dal,2022-07-13,72.0,Metric Tonnes,8400.0,Rs./Quintal,7,8400.0,8400.0,8400.0,58.0
Maharashtra,Mumbai,Pulses,Masur Dal,2022-07-14,20.0,Metric Tonnes,8400.0,Rs./Quintal,7,8400.0,8400.0,8400.0,72.0
Maharashtra,Mumbai,Pulses,Masur Dal,2022-07-15,59.0,Metric Tonnes,8400.0,Rs./Quintal,7,8400.0,8400.0,8400.0,20.0
Maharashtra,Mumbai,Pulses,Masur Dal,2022-07-18,83.0,Metric Tonnes,8400.0,Rs./Quintal,7,8400.0,8400.0,8400.0,59.0
Maharashtra,Mumbai,Pulses,Masur Dal,2022-07-19,133.0,Metric Tonnes,8400.0,Rs./Quintal,7,8400.0,8400.0,8400.0,83.0
Maharashtra,Mumbai,Pulses,Masur Dal,2022-07-20,23.0,Metric Tonnes,8400.0,Rs./Quintal,7,8400.0,8400.0,8400.0,133.0
Maharashtra,Mumbai,Pulses,Masur Dal,2022-07-22,70.0,Metric Tonnes,8400.0,Rs./Quintal,7,8400.0,8400.0,8400.0,23.0
Maharashtra,Mumbai,Pulses,Masur Dal,2022-07-23,44.0,Metric Tonnes,8400.0,Rs./Quintal,7,8400.0,8400.0,8400.0,70.0
Maharashtra,Mumbai,Pulses,Masur Dal,2022-07-25,42.0,Metric Tonnes,8400.0,Rs./Quintal,7,8400.0,8400.0,8400.0,44.0
Maharashtra,Mumbai,Pulses,Masur Dal,2022-07-26,102.0,Metric Tonnes,8400.0,Rs./Quintal,7,8400.0,8400.0,8400.0,42.0
Maharashtra,Mumbai,Pulses,Masur Dal,2022-07-27,29.0,Metric Tonnes,8400.0,Rs./Quintal,7,8400.0,8400.0,8400.0,102.0
Maharashtra,Mumbai,Pulses,Masur Dal,2022-07-28,42.0,Metric Tonnes,8400.0,Rs./Quintal,7,8400.0,8400.0,8400.0,29.0
Maharashtra,Mumbai,Pulses,Masur Dal,2022-07-29,36.0,Metric Tonnes,8400.0,Rs./Quintal,7,8400.0,8400.0,8400.0,42.0
Maharashtra,Mumbai,Pulses,Masur Dal,2022-08-01,43.0,Metric Tonnes,8400.0,Rs./Quintal,8,8400.0,8400.0,8400.0,36.0
Maharashtra,Mumbai,Pulses,Masur Dal,2022-08-02,62.0,Metric Tonnes,8400.0,Rs./Quintal,8,8400.0,8400.0,8400.0,43.0
Maharashtra,Mumbai,Pulses,Masur Dal,2022-08-03,62.0,Metric Tonnes,8400.0,Rs./Quintal,8,8400.0,8400.0,8400.0,62.0
Maharashtra,Mumbai,Pulses,Masur Dal,2022-08-04,88.0,Metric Tonnes,8400.0,Rs./Quintal,8,8400.0,8400.0,8400.0,62.0
Maharashtra,Mumbai,Pulses,Masur Dal,2022-08-05,31.0,Metric Tonnes,8400.0,Rs./Quintal,8,8400.0,8400.0,8400.0,88.0
Maharashtra,Mumbai,Pulses,Masur Dal,2022-08-08,42.0,Metric Tonnes,8400.0,Rs./Quintal,8,8400.0,8400.0,8400.0,31.0
Maharashtra,Mumbai,Pulses,Masur Dal,2022-08-10,71.0,Metric Tonnes,8400.0,Rs./Quintal,8,8400.0,8400.0,8400.0,42.0
Maharashtra,Mumbai,Pulses,Masur Dal,2022-08-11,73.0,Metric Tonnes,8400.0,Rs./Quintal,8,8400.0,8400.0,8400.0,71.0
Maharashtra,Mumbai,Pulses,Masur Dal,2022-08-13,28.0,Metric Tonnes,8400.0,Rs./Quintal,8,8400.0,8400.0,8400.0,73.0
Maharashtra,Mumbai,Pulses,Masur Dal,2022-08-16,69.0,Metric Tonnes,8400.0,Rs./Quintal,8,8400.0,8400.0,8400.0,28.0
Maharashtra,Mumbai,Pulses,Masur Dal,2022-08-17,65.0,Metric Tonnes,8400.0,Rs./Quintal,8,8400.0,8400.0,8400.0,69.0
Maharashtra,Mumbai,Pulses,Masur Dal,2022-08-18,77.0,Metric Tonnes,8400.0,Rs./Quintal,8,8400.0,8400.0,8400.0,65.0
Maharashtra,Mumbai,Pulses,Masur Dal,2022-08-20,131.0,Metric Tonnes,10000.0,Rs./Quintal,8,8400.0,8400.0,8453.333333333334,77.0
Maharashtra,Mumbai,Pulses,Masur Dal,2022-08-22,61.0,Metric Tonnes,8400.0,Rs./Quintal,8,10000.0,8400.0,8453.333333333334,131.0
Maharashtra,Mumbai,Pulses,Masur Dal,2022-08-23,77.0,Metric Tonnes,8400.0,Rs./Quintal,8,8400.0,8400.0,8453.333333333334,61.0
Maharashtra,Mumbai,Pulses,Masur Dal,2022-08-24,30.0,Metric Tonnes,8400.0,Rs./Quintal,8,8400.0,8400.0,8453.333333333334,77.0
Maharashtra,Mumbai,Pulses,Masur Dal,2022-08-25,76.0,Metric Tonnes,8400.0,Rs./Quintal,8,8400.0,8400.0,8453.333333333334,30.0
Maharashtra,Mumbai,Pulses,Masur Dal,2022-08-26,24.0,Metric Tonnes,8400.0,Rs./Quintal,8,8400.0,8400.0,8453.333333333334,76.0
Maharashtra,Mumbai,Pulses,Masur Dal,2022-08-30,65.0,Metric Tonnes,8400.0,Rs./Quintal,8,8400.0,8400.0,8453.333333333334,24.0
Maharashtra,Mumbai,Pulses,Masur Dal,2022-09-07,62.0,Metric Tonnes,7800.0,Rs./Quintal,9,8400.0,10000.0,8433.333333333334,65.0
Maharashtra,Mumbai,Pulses,Masur Dal,2022-09-08,31.0,Metric Tonnes,7800.0,Rs./Quintal,9,7800.0,8400.0,8413.333333333334,62.0
Maharashtra,Mumbai,Pulses,Masur Dal,2022-09-10,38.0,Metric Tonnes,7800.0,Rs./Quintal,9,7800.0,8400.0,8393.333333333334,31.0
Maharashtra,Mumbai,Pulses,Masur Dal,2022-09-12,73.0,Metric Tonnes,7800.0,Rs./Quintal,9,7800.0,8400.0,8373.333333333334,38.0
Maharashtra,Mumbai,Pulses,Masur Dal,2022-09-13,102.0,Metric Tonnes,7800.0,Rs./Quintal,9,7800.0,8400.0,8353.333333333334,73.0
Maharashtra,Mumbai,Pulses,Masur Dal,2022-09-15,29.0,Metric Tonnes,7800.0,Rs./Quintal,9,7800.0,8400.0,8333.333333333334,102.0
Maharashtra,Mumbai,Pulses,Masur Dal,2022-09-16,96.0,Metric Tonnes,7800.0,Rs./Quintal,9,7800.0,8400.0,8313.333333333334,29.0
Maharashtra,Mumbai,Pulses,Masur Dal,2022-09-17,80.0,Metric Tonnes,7600.0,Rs./Quintal,9,7800.0,7800.0,8286.666666666666,96.0
Maharashtra,Mumbai,Pulses,Masur Dal,2022-09-19,69.0,Metric Tonnes,7600.0,Rs./Quintal,9,7600.0,7800.0,8260.0,80.0
Maharashtra,Mumbai,Pulses,Masur Dal,2022-09-20,81.0,Metric Tonnes,7600.0,Rs./Quintal,9,7600.0,7800.0,8233.333333333334,69.0
Maharashtra,Mumbai,Pulses,Masur Dal,2022-09-22,87.0,Metric Tonnes,7600.0,Rs./Quintal,9,7600.0,7800.0,8206.666666666666,81.0
Maharashtra,Mumbai,Pulses,Masur Dal,2022-09-23,68.0,Metric Tonnes,7600.0,Rs./Quintal,9,7600.0,7800.0,8180.0,87.0
Maharashtra,Mumbai,Pulses,Masur Dal,2022-09-27,42.0,Metric Tonnes,7600.0,Rs./Quintal,9,7600.0,7800.0,8153.333333333333,68.0
Maharashtra,Mumbai,Pulses,Masur Dal,2022-09-28,61.0,Metric Tonnes,7600.0,Rs./Quintal,9,7600.0,7800.0,8126.666666666667,42.0
Maharashtra,Mumbai,Pulses,Masur Dal,2022-09-29,102.0,Metric Tonnes,7800.0,Rs./Quintal,9,7600.0,7600.0,8106.666666666667,61.0
Maharashtra,Mumbai,Pulses,Masur Dal,2022-09-30,60.0,Metric Tonnes,7800.0,Rs./Quintal,9,7800.0,7600.0,8086.666666666667,102.0
Maharashtra,Mumbai,Pulses,Masur Dal,2022-10-01,37.0,Metric Tonnes,7800.0,Rs./Quintal,10,7800.0,7600.0,8066.666666666667,60.0
Maharashtra,Mumbai,Pulses,Masur Dal,2022-10-03,67.0,Metric Tonnes,7800.0,Rs./Quintal,10,7800.0,7600.0,8046.666666666667,37.0
Maharashtra,Mumbai,Pulses,Masur Dal,2022-10-04,77.0,Metric Tonnes,7800.0,Rs./Quintal,10,7800.0,7600.0,8026.666666666667,67.0
Maharashtra,Mumbai,Pulses,Masur Dal,2022-10-05,77.0,Metric Tonnes,7800.0,Rs./Quintal,10,7800.0,7600.0,8006.666666666667,77.0
Maharashtra,Mumbai,Pulses,Masur Dal,2022-10-06,130.0,Metric Tonnes,7800.0,Rs./Quintal,10,7800.0,7600.0,7986.666666666667,77.0
Maharashtra,Mumbai,Pulses,Masur Dal,2022-10-08,62.0,Metric Tonnes,7800.0,Rs./Quintal,10,7800.0,7800.0,7966.666666666667,130.0
Maharashtra,Mumbai,Pulses,Masur Dal,2022-10-10,129.0,Metric Tonnes,7800.0,Rs./Quintal,10,7800.0,7800.0,7946.666666666667,62.0
Maharashtra,Mumbai,Pulses,Masur Dal,2022-10-12,101.0,Metric Tonnes,7800.0,Rs./Quintal,10,7800.0,7800.0,7873.333333333333,129.0
Maharashtra,Mumbai,Pulses,Masur Dal,2022-10-13,71.0,Metric Tonnes,7800.0,Rs./Quintal,10,7800.0,7800.0,7853.333333333333,101.0
Maharashtra,Mumbai,Pulses,Masur Dal,2022-10-14,45.0,Metric Tonnes,7800.0,Rs./Quintal,10,7800.0,7800.0,7833.333333333333,71.0
Maharashtra,Mumbai,Pulses,Masur Dal,2022-10-15,65.0,Metric Tonnes,7800.0,Rs./Quintal,10,7800.0,7800.0,7813.333333333333,45.0
Maharashtra,Mumbai,Pulses,Masur Dal,2022-10-17,96.0,Metric Tonnes,7800.0,Rs./Quintal,10,7800.0,7800.0,7793.333333333333,65.0
Maharashtra,Mumbai,Pulses,Masur Dal,2022-10-18,65.0,Metric Tonnes,7800.0,Rs./Quintal,10,7800.0,7800.0,7773.333333333333,96.0
Maharashtra,Mumbai,Pulses,Masur Dal,2022-10-19,82.0,Metric Tonnes,7800.0,Rs./Quintal,10,7800.0,7800.0,7753.333333333333,65.0
Maharashtra,Mumbai,Pulses,Masur Dal,2022-10-20,75.0,Metric Tonnes,7800.0,Rs./Quintal,10,7800.0,7800.0,7753.333333333333,82.0
Maharashtra,Mumbai,Pulses,Masur Dal,2022-10-21,110.0,Metric Tonnes,7800.0,Rs./Quintal,10,7800.0,7800.0,7753.333333333333,75.0
Maharashtra,Mumbai,Pulses,Masur Dal,2022-10-22,59.0,Metric Tonnes,7800.0,Rs./Quintal,10,7800.0,7800.0,7753.333333333333,110.0
Maharashtra,Mumbai,Pulses,Masur Dal,2022-10-26,82.0,Metric Tonnes,7800.0,Rs./Quintal,10,7800.0,7800.0,7753.333333333333,59.0
Maharashtra,Mumbai,Pulses,Masur Dal,2022-10-27,72.0,Metric Tonnes,7800.0,Rs./Quintal,10,7800.0,7800.0,7753.333333333333,82.0
Maharashtra,Mumbai,Pulses,Masur Dal,2022-10-28,32.0,Metric Tonnes,7800.0,Rs./Quintal,10,7800.0,7800.0,7753.333333333333,72.0
Maharashtra,Mumbai,Pulses,Masur Dal,2022-10-29,129.0,Metric Tonnes,7800.0,Rs./Quintal,10,7800.0,7800.0,7753.333333333333,32.0
Maharashtra,Mumbai,Pulses,Masur Dal,2022-10-31,76.0,Metric Tonnes,7800.0,Rs./Quintal,10,7800.0,7800.0,7760.0,129.0
Maharashtra,Mumbai,Pulses,Masur Dal,2022-11-01,9.0,Metric Tonnes,7800.0,Rs./Quintal,11,7800.0,7800.0,7766.666666666667,76.0
Maharashtra,Mumbai,Pulses,Masur Dal,2022-11-02,36.0,Metric Tonnes,7800.0,Rs./Quintal,11,7800.0,7800.0,7773.333333333333,9.0
Maharashtra,Mumbai,Pulses,Masur Dal,2022-11-03,26.0,Metric Tonnes,7800.0,Rs./Quintal,11,7800.0,7800.0,7780.0,36.0
Maharashtra,Mumbai,Pulses,Masur Dal,2022-11-04,65.0,Metric Tonnes,7800.0,Rs./Quintal,11,7800.0,7800.0,7786.666666666667,26.0
Maharashtra,Mumbai,Pulses,Masur Dal,2022-11-07,69.0,Metric Tonnes,7800.0,Rs./Quintal,11,7800.0,7800.0,7793.333333333333,65.0
Maharashtra,Mumbai,Pulses,Masur Dal,2022-11-08,48.0,Metric Tonnes,7800.0,Rs./Quintal,11,7800.0,7800.0,7800.0,69.0
Maharashtra,Mumbai,Pulses,Masur Dal,2022-11-09,92.0,Metric Tonnes,7800.0,Rs./Quintal,11,7800.0,7800.0,7800.0,48.0
Maharashtra,Mumbai,Pulses,Masur Dal,2022-11-10,46.0,Metric Tonnes,7800.0,Rs./Quintal,11,7800.0,7800.0,7800.0,92.0
Maharashtra,Mumbai,Pulses,Masur Dal,2022-11-11,58.0,Metric Tonnes,7800.0,Rs./Quintal,11,7800.0,7800.0,7800.0,46.0
Maharashtra,Mumbai,Pulses,Masur Dal,2022-11-15,55.0,Metric Tonnes,7800.0,Rs./Quintal,11,7800.0,7800.0,7800.0,58.0
Maharashtra,Mumbai,Pulses,Masur Dal,2022-11-16,63.0,Metric Tonnes,7800.0,Rs./Quintal,11,7800.0,7800.0,7800.0,55.0
Maharashtra,Mumbai,Pulses,Masur Dal,2022-11-17,44.0,Metric Tonnes,7800.0,Rs./Quintal,11,7800.0,7800.0,7800.0,63.0
Maharashtra,Mumbai,Pulses,Masur Dal,2022-11-23,49.0,Metric Tonnes,7800.0,Rs./Quintal,11,7800.0,7800.0,7800.0,44.0
Maharashtra,Mumbai,Pulses,Masur Dal,2022-11-24,59.0,Metric Tonnes,7800.0,Rs./Quintal,11,7800.0,7800.0,7800.0,49.0
Maharashtra,Mumbai,Pulses,Masur Dal,2022-11-26,31.0,Metric Tonnes,7800.0,Rs./Quintal,11,7800.0,7800.0,7800.0,59.0
Maharashtra,Mumbai,Pulses,Masur Dal,2022-11-30,59.0,Metric Tonnes,7800.0,Rs./Quintal,11,7800.0,7800.0,7800.0,31.0
Maharashtra,Mumbai,Pulses,Masur Dal,2022-12-02,37.0,Metric Tonnes,7800.0,Rs./Quintal,12,7800.0,7800.0,7800.0,59.0
Maharashtra,Mumbai,Pulses,Masur Dal,2022-12-03,36.0,Metric Tonnes,7800.0,Rs./Quintal,12,7800.0,7800.0,7800.0,37.0
Maharashtra,Mumbai,Pulses,Masur Dal,2022-12-05,63.0,Metric Tonnes,7800.0,Rs./Quintal,12,7800.0,7800.0,7800.0,36.0
Maharashtra,Mumbai,Pulses,Masur Dal,2022-12-08,70.0,Metric Tonnes,7800.0,Rs./Quintal,12,7800.0,7800.0,7800.0,63.0
Maharashtra,Mumbai,Pulses,Masur Dal,2022-12-09,38.0,Metric Tonnes,7800.0,Rs./Quintal,12,7800.0,7800.0,7800.0,70.0
Maharashtra,Mumbai,Pulses,Masur Dal,2022-12-10,80.0,Metric Tonnes,7800.0,Rs./Quintal,12,7800.0,7800.0,7800.0,38.0
Maharashtra,Mumbai,Pulses,Masur Dal,2022-12-12,126.0,Metric Tonnes,7800.0,Rs./Quintal,12,7800.0,7800.0,7800.0,80.0
Maharashtra,Mumbai,Pulses,Masur Dal,2022-12-13,73.0,Metric Tonnes,7800.0,Rs./Quintal,12,7800.0,7800.0,7800.0,126.0
Maharashtra,Mumbai,Pulses,Masur Dal,2022-12-14,39.0,Metric Tonnes,7800.0,Rs./Quintal,12,7800.0,7800.0,7800.0,73.0
Maharashtra,Mumbai,Pulses,Masur Dal,2022-12-15,57.0,Metric Tonnes,7800.0,Rs./Quintal,12,7800.0,7800.0,7800.0,39.0
Maharashtra,Mumbai,Pulses,Masur Dal,2022-12-16,29.0,Metric Tonnes,7800.0,Rs./Quintal,12,7800.0,7800.0,7800.0,57.0
Maharashtra,Mumbai,Pulses,Masur Dal,2022-12-17,43.0,Metric Tonnes,7800.0,Rs./Quintal,12,7800.0,7800.0,7800.0,29.0
Maharashtra,Mumbai,Pulses,Masur Dal,2022-12-19,130.0,Metric Tonnes,8000.0,Rs./Quintal,12,7800.0,7800.0,7806.666666666667,43.0
Maharashtra,Mumbai,Pulses,Masur Dal,2022-12-20,44.0,Metric Tonnes,8000.0,Rs./Quintal,12,8000.0,7800.0,7813.333333333333,130.0
Maharashtra,Mumbai,Pulses,Masur Dal,2022-12-21,63.0,Metric Tonnes,8000.0,Rs./Quintal,12,8000.0,7800.0,7820.0,44.0
Maharashtra,Mumbai,Pulses,Masur Dal,2022-12-23,48.0,Metric Tonnes,8000.0,Rs./Quintal,12,8000.0,7800.0,7826.666666666667,63.0
Maharashtra,Mumbai,Pulses,Masur Dal,2022-12-28,38.0,Metric Tonnes,8000.0,Rs./Quintal,12,8000.0,7800.0,7833.333333333333,48.0
Maharashtra,Mumbai,Pulses,Masur Dal,2022-12-29,14.0,Metric Tonnes,8000.0,Rs./Quintal,12,8000.0,7800.0,7840.0,38.0
Maharashtra,Mumbai,Pulses,Masur Dal,2022-12-31,60.0,Metric Tonnes,8000.0,Rs./Quintal,12,8000.0,7800.0,7846.666666666667,14.0
Maharashtra,Mumbai,Pulses,Masur Dal,2023-01-02,25.0,Metric Tonnes,8000.0,Rs./Quintal,1,8000.0,8000.0,7853.333333333333,60.0
Maharashtra,Mumbai,Pulses,Masur Dal,2023-01-03,25.0,Metric Tonnes,8000.0,Rs./Quintal,1,8000.0,8000.0,7860.0,25.0
Maharashtra,Mumbai,Pulses,Masur Dal,2023-01-04,78.0,Metric Tonnes,8000.0,Rs./Quintal,1,8000.0,8000.0,7866.666666666667,25.0
Maharashtra,Mumbai,Pulses,Masur Dal,2023-01-11,50.0,Metric Tonnes,8000.0,Rs./Quintal,1,8000.0,8000.0,7873.333333333333,78.0
Maharashtra,Mumbai,Pulses,Masur Dal,2023-01-12,18.0,Metric Tonnes,8000.0,Rs./Quintal,1,8000.0,8000.0,7880.0,50.0
Maharashtra,Mumbai,Pulses,Masur Dal,2023-01-17,84.0,Metric Tonnes,8000.0,Rs./Quintal,1,8000.0,8000.0,7886.666666666667,18.0
Maharashtra,Mumbai,Pulses,Masur Dal,2023-01-19,42.0,Metric Tonnes,8000.0,Rs./Quintal,1,8000.0,8000.0,7893.333333333333,84.0
Maharashtra,Mumbai,Pulses,Masur Dal,2023-01-20,37.0,Metric Tonnes,8000.0,Rs./Quintal,1,8000.0,8000.0,7900.0,42.0
Maharashtra,Mumbai,Pulses,Masur Dal,2023-01-21,65.0,Metric Tonnes,8000.0,Rs./Quintal,1,8000.0,8000.0,7906.666666666667,37.0
Maharashtra,Mumbai,Pulses,Masur Dal,2023-01-23,26.0,Metric Tonnes,8000.0,Rs./Quintal,1,8000.0,8000.0,7913.333333333333,65.0
Maharashtra,Mumbai,Pulses,Masur Dal,2023-01-24,80.0,Metric Tonnes,8000.0,Rs./Quintal,1,8000.0,8000.0,7920.0,26.0
Maharashtra,Mumbai,Pulses,Masur Dal,2023-01-25,47.0,Metric Tonnes,8000.0,Rs./Quintal,1,8000.0,8000.0,7926.666666666667,80.0
Maharashtra,Mumbai,Pulses,Masur Dal,2023-01-27,52.0,Metric Tonnes,7700.0,Rs./Quintal,1,8000.0,8000.0,7923.333333333333,47.0
Maharashtra,Mumbai,Pulses,Masur Dal,2023-01-28,63.0,Metric Tonnes,7700.0,Rs./Quintal,1,7700.0,8000.0,7920.0,52.0
Maharashtra,Mumbai,Pulses,Masur Dal,2023-01-30,173.0,Metric Tonnes,7700.0,Rs./Quintal,1,7700.0,8000.0,7916.666666666667,63.0
Maharashtra,Mumbai,Pulses,Masur Dal,2023-01-31,126.0,Metric Tonnes,7700.0,Rs./Quintal,1,7700.0,8000.0,7913.333333333333,173.0
Maharashtra,Mumbai,Pulses,Masur Dal,2023-02-02,100.0,Metric Tonnes,7700.0,Rs./Quintal,2,7700.0,8000.0,7910.0,126.0
Maharashtra,Mumbai,Pulses,Masur Dal,2023-02-03,75.0,Metric Tonnes,7700.0,Rs./Quintal,2,7700.0,8000.0,7906.666666666667,100.0
Maharashtra,Mumbai,Pulses,Masur Dal,2023-02-04,52.0,Metric Tonnes,7700.0,Rs./Quintal,2,7700.0,8000.0,7903.333333333333,75.0
Maharashtra,Mumbai,Pulses,Masur Dal,2023-02-06,107.0,Metric Tonnes,7700.0,Rs./Quintal,2,7700.0,7700.0,7900.0,52.0
Maharashtra,Mumbai,Pulses,Masur Dal,2023-02-07,36.0,Metric Tonnes,7700.0,Rs./Quintal,2,7700.0,7700.0,7896.666666666667,107.0
Maharashtra,Mumbai,Pulses,Masur Dal,2023-02-08,58.0,Metric Tonnes,7700.0,Rs./Quintal,2,7700.0,7700.0,7893.333333333333,36.0
Maharashtra,Mumbai,Pulses,Masur Dal,2023-02-09,23.0,Metric Tonnes,7700.0,Rs./Quintal,2,7700.0,7700.0,7890.0,58.0
Maharashtra,Mumbai,Pulses,Masur Dal,2023-02-10,69.0,Metric Tonnes,7700.0,Rs./Quintal,2,7700.0,7700.0,7880.0,23.0
Maharashtra,Mumbai,Pulses,Masur Dal,2023-02-11,91.0,Metric Tonnes,7700.0,Rs./Quintal,2,7700.0,7700.0,7870.0,69.0
Maharashtra,Mumbai,Pulses,Masur Dal,2023-02-13,83.0,Metric Tonnes,7700.0,Rs./Quintal,2,7700.0,7700.0,7860.0,91.0
Maharashtra,Mumbai,Pulses,Masur Dal,2023-02-14,140.0,Metric Tonnes,7700.0,Rs./Quintal,2,7700.0,7700.0,7850.0,83.0
Maharashtra,Mumbai,Pulses,Masur Dal,2023-02-15,110.0,Metric Tonnes,7700.0,Rs./Quintal,2,7700.0,7700.0,7840.0,140.0
Maharashtra,Mumbai,Pulses,Masur Dal,2023-02-16,38.0,Metric Tonnes,7700.0,Rs./Quintal,2,7700.0,7700.0,7830.0,110.0
Maharashtra,Mumbai,Pulses,Masur Dal,2023-02-17,50.0,Metric Tonnes,7700.0,Rs./Quintal,2,7700.0,7700.0,7820.0,38.0
Maharashtra,Mumbai,Pulses,Masur Dal,2023-02-20,45.0,Metric Tonnes,7700.0,Rs./Quintal,2,7700.0,7700.0,7810.0,50.0
Maharashtra,Mumbai,Pulses,Masur Dal,2023-02-21,72.0,Metric Tonnes,7700.0,Rs./Quintal,2,7700.0,7700.0,7800.0,45.0
Maharashtra,Mumbai,Pulses,Masur Dal,2023-02-22,28.0,Metric Tonnes,7700.0,Rs./Quintal,2,7700.0,7700.0,7790.0,72.0
Maharashtra,Mumbai,Pulses,Masur Dal,2023-02-23,73.0,Metric Tonnes,7700.0,Rs./Quintal,2,7700.0,7700.0,7780.0,28.0
Maharashtra,Mumbai,Pulses,Masur Dal,2023-02-24,77.0,Metric Tonnes,7700.0,Rs./Quintal,2,7700.0,7700.0,7770.0,73.0
Maharashtra,Mumbai,Pulses,Masur Dal,2023-02-25,56.0,Metric Tonnes,7700.0,Rs./Quintal,2,7700.0,7700.0,7760.0,77.0
Maharashtra,Mumbai,Pulses,Masur Dal,2023-02-28,57.0,Metric Tonnes,7700.0,Rs./Quintal,2,7700.0,7700.0,7750.0,56.0
Maharashtra,Mumbai,Pulses,Masur Dal,2023-03-01,66.0,Metric Tonnes,7700.0,Rs./Quintal,3,7700.0,7700.0,7740.0,57.0
Maharashtra,Mumbai,Pulses,Masur Dal,2023-03-02,24.0,Metric Tonnes,7700.0,Rs./Quintal,3,7700.0,7700.0,7730.0,66.0
Maharashtra,Mumbai,Pulses,Masur Dal,2023-03-03,48.0,Metric Tonnes,7700.0,Rs./Quintal,3,7700.0,7700.0,7720.0,24.0
Maharashtra,Mumbai,Pulses,Masur Dal,2023-03-04,39.0,Metric Tonnes,7700.0,Rs./Quintal,3,7700.0,7700.0,7710.0,48.0
Maharashtra,Mumbai,Pulses,Masur Dal,2023-03-06,67.0,Metric Tonnes,7700.0,Rs./Quintal,3,7700.0,7700.0,7700.0,39.0
Maharashtra,Mumbai,Pulses,Masur Dal,2023-03-08,36.0,Metric Tonnes,7700.0,Rs./Quintal,3,7700.0,7700.0,7700.0,67.0
Maharashtra,Mumbai,Pulses,Masur Dal,2023-03-09,36.0,Metric Tonnes,7700.0,Rs./Quintal,3,7700.0,7700.0,7700.0,36.0
Maharashtra,Mumbai,Pulses,Masur Dal,2023-03-10,45.0,Metric Tonnes,7700.0,Rs./Quintal,3,7700.0,7700.0,7700.0,36.0
Maharashtra,Mumbai,Pulses,Masur Dal,2023-03-11,63.0,Metric Tonnes,7700.0,Rs./Quintal,3,7700.0,7700.0,7700.0,45.0
Maharashtra,Mumbai,Pulses,Masur Dal,2023-03-13,64.0,Metric Tonnes,7700.0,Rs./Quintal,3,7700.0,7700.0,7700.0,63.0
Maharashtra,Mumbai,Pulses,Masur Dal,2023-03-14,39.0,Metric Tonnes,7700.0,Rs./Quintal,3,7700.0,7700.0,7700.0,64.0
Maharashtra,Mumbai,Pulses,Masur Dal,2023-03-15,37.0,Metric Tonnes,7700.0,Rs./Quintal,3,7700.0,7700.0,7700.0,39.0
Maharashtra,Mumbai,Pulses,Masur Dal,2023-03-16,60.0,Metric Tonnes,7700.0,Rs./Quintal,3,7700.0,7700.0,7700.0,37.0
Maharashtra,Mumbai,Pulses,Masur Dal,2023-03-17,64.0,Metric Tonnes,7700.0,Rs./Quintal,3,7700.0,7700.0,7700.0,60.0
Maharashtra,Mumbai,Pulses,Masur Dal,2023-03-20,79.0,Metric Tonnes,7700.0,Rs./Quintal,3,7700.0,7700.0,7700.0,64.0
Maharashtra,Mumbai,Pulses,Masur Dal,2023-03-21,52.0,Metric Tonnes,7500.0,Rs./Quintal,3,7700.0,7700.0,7693.333333333333,79.0
Maharashtra,Mumbai,Pulses,Masur Dal,2023-03-22,52.0,Metric Tonnes,7500.0,Rs./Quintal,3,7500.0,7700.0,7686.666666666667,52.0
Maharashtra,Mumbai,Pulses,Masur Dal,2023-03-24,61.0,Metric Tonnes,7500.0,Rs./Quintal,3,7500.0,7700.0,7680.0,52.0
Maharashtra,Mumbai,Pulses,Masur Dal,2023-03-25,100.0,Metric Tonnes,7500.0,Rs./Quintal,3,7500.0,7700.0,7673.333333333333,61.0
Maharashtra,Mumbai,Pulses,Masur Dal,2023-03-27,132.0,Metric Tonnes,7500.0,Rs./Quintal,3,7500.0,7700.0,7666.666666666667,100.0
Maharashtra,Mumbai,Pulses,Masur Dal,2023-03-28,58.0,Metric Tonnes,7500.0,Rs./Quintal,3,7500.0,7700.0,7660.0,132.0
Maharashtra,Mumbai,Pulses,Masur Dal,2023-03-29,85.0,Metric Tonnes,7500.0,Rs./Quintal,3,7500.0,7700.0,7653.333333333333,58.0
Maharashtra,Mumbai,Pulses,Masur Dal,2023-03-30,34.0,Metric Tonnes,7500.0,Rs./Quintal,3,7500.0,7500.0,7646.666666666667,85.0
Maharashtra,Mumbai,Pulses,Masur Dal,2023-03-31,37.0,Metric Tonnes,7500.0,Rs./Quintal,3,7500.0,7500.0,7640.0,34.0
Maharashtra,Mumbai,Pulses,Masur Dal,2023-04-01,80.0,Metric Tonnes,7500.0,Rs./Quintal,4,7500.0,7500.0,7633.333333333333,37.0
Maharashtra,Mumbai,Pulses,Masur Dal,2023-04-03,60.0,Metric Tonnes,7500.0,Rs./Quintal,4,7500.0,7500.0,7626.666666666667,80.0
Maharashtra,Mumbai,Pulses,Masur Dal,2023-04-04,49.0,Metric Tonnes,7500.0,Rs./Quintal,4,7500.0,7500.0,7620.0,60.0
Maharashtra,Mumbai,Pulses,Masur Dal,2023-04-05,54.0,Metric Tonnes,7500.0,Rs./Quintal,4,7500.0,7500.0,7613.333333333333,49.0
Maharashtra,Mumbai,Pulses,Masur Dal,2023-04-06,73.0,Metric Tonnes,7500.0,Rs./Quintal,4,7500.0,7500.0,7606.666666666667,54.0
Maharashtra,Mumbai,Pulses,Masur Dal,2023-04-07,58.0,Metric Tonnes,7500.0,Rs./Quintal,4,7500.0,7500.0,7600.0,73.0
Maharashtra,Mumbai,Pulses,Masur Dal,2023-04-08,26.0,Metric Tonnes,7500.0,Rs./Quintal,4,7500.0,7500.0,7593.333333333333,58.0
Maharashtra,Mumbai,Pulses,Masur Dal,2023-04-10,25.0,Metric Tonnes,7500.0,Rs./Quintal,4,7500.0,7500.0,7586.666666666667,26.0
Maharashtra,Mumbai,Pulses,Masur Dal,2023-04-11,32.0,Metric Tonnes,7500.0,Rs./Quintal,4,7500.0,7500.0,7580.0,25.0
Maharashtra,Mumbai,Pulses,Masur Dal,2023-04-12,71.0,Metric Tonnes,7500.0,Rs./Quintal,4,7500.0,7500.0,7573.333333333333,32.0
Maharashtra,Mumbai,Pulses,Masur Dal,2023-04-13,43.0,Metric Tonnes,7500.0,Rs./Quintal,4,7500.0,7500.0,7566.666666666667,71.0
Maharashtra,Mumbai,Pulses,Masur Dal,2023-04-14,35.0,Metric Tonnes,7500.0,Rs./Quintal,4,7500.0,7500.0,7560.0,43.0
Maharashtra,Mumbai,Pulses,Masur Dal,2023-04-15,51.0,Metric Tonnes,7500.0,Rs./Quintal,4,7500.0,7500.0,7553.333333333333,35.0
Maharashtra,Mumbai,Pulses,Masur Dal,2023-04-17,25.0,Metric Tonnes,7500.0,Rs./Quintal,4,7500.0,7500.0,7546.666666666667,51.0
Maharashtra,Mumbai,Pulses,Masur Dal,2023-04-18,66.0,Metric Tonnes,7500.0,Rs./Quintal,4,7500.0,7500.0,7540.0,25.0
Maharashtra,Mumbai,Pulses,Masur Dal,2023-04-19,32.0,Metric Tonnes,7500.0,Rs./Quintal,4,7500.0,7500.0,7533.333333333333,66.0
Maharashtra,Mumbai,Pulses,Masur Dal,2023-04-20,75.0,Metric Tonnes,7500.0,Rs./Quintal,4,7500.0,7500.0,7526.666666666667,32.0
Maharashtra,Mumbai,Pulses,Masur Dal,2023-04-21,35.0,Metric Tonnes,7500.0,Rs./Quintal,4,7500.0,7500.0,7520.0,75.0
Maharashtra,Mumbai,Pulses,Masur Dal,2023-04-24,72.0,Metric Tonnes,7500.0,Rs./Quintal,4,7500.0,7500.0,7513.333333333333,35.0
Maharashtra,Mumbai,Pulses,Masur Dal,2023-04-25,113.0,Metric Tonnes,7500.0,Rs./Quintal,4,7500.0,7500.0,7506.666666666667,72.0
Maharashtra,Mumbai,Pulses,Masur Dal,2023-04-26,77.0,Metric Tonnes,7500.0,Rs./Quintal,4,7500.0,7500.0,7500.0,113.0
Maharashtra,Mumbai,Pulses,Masur Dal,2023-04-27,46.0,Metric Tonnes,7500.0,Rs./Quintal,4,7500.0,7500.0,7500.0,77.0
Maharashtra,Mumbai,Pulses,Masur Dal,2023-04-28,78.0,Metric Tonnes,7500.0,Rs./Quintal,4,7500.0,7500.0,7500.0,46.0
Maharashtra,Mumbai,Pulses,Masur Dal,2023-04-29,80.0,Metric Tonnes,7500.0,Rs./Quintal,4,7500.0,7500.0,7500.0,78.0
Maharashtra,Mumbai,Pulses,Masur Dal,2023-05-02,59.0,Metric Tonnes,7500.0,Rs./Quintal,5,7500.0,7500.0,7500.0,80.0
Maharashtra,Mumbai,Pulses,Masur Dal,2023-05-03,87.0,Metric Tonnes,7500.0,Rs./Quintal,5,7500.0,7500.0,7500.0,59.0
Maharashtra,Mumbai,Pulses,Masur Dal,2023-05-04,40.0,Metric Tonnes,7500.0,Rs./Quintal,5,7500.0,7500.0,7500.0,87.0
Maharashtra,Mumbai,Pulses,Masur Dal,2023-05-05,83.0,Metric Tonnes,7500.0,Rs./Quintal,5,7500.0,7500.0,7500.0,40.0
Maharashtra,Mumbai,Pulses,Masur Dal,2023-05-06,44.0,Metric Tonnes,7500.0,Rs./Quintal,5,7500.0,7500.0,7500.0,83.0
Maharashtra,Mumbai,Pulses,Masur Dal,2023-05-08,106.0,Metric Tonnes,7500.0,Rs./Quintal,5,7500.0,7500.0,7500.0,44.0
Maharashtra,Mumbai,Pulses,Masur Dal,2023-05-09,48.0,Metric Tonnes,7500.0,Rs./Quintal,5,7500.0,7500.0,7500.0,106.0
Maharashtra,Mumbai,Pulses,Masur Dal,2023-05-10,66.0,Metric Tonnes,7500.0,Rs./Quintal,5,7500.0,7500.0,7500.0,48.0
Maharashtra,Mumbai,Pulses,Masur Dal,2023-05-11,50.0,Metric Tonnes,7500.0,Rs./Quintal,5,7500.0,7500.0,7500.0,66.0
Maharashtra,Mumbai,Pulses,Masur Dal,2023-05-12,68.0,Metric Tonnes,7500.0,Rs./Quintal,5,7500.0,7500.0,7500.0,50.0
Maharashtra,Mumbai,Pulses,Masur Dal,2023-05-13,52.0,Metric Tonnes,7500.0,Rs./Quintal,5,7500.0,7500.0,7500.0,68.0
Maharashtra,Mumbai,Pulses,Masur Dal,2023-05-15,55.0,Metric Tonnes,7500.0,Rs./Quintal,5,7500.0,7500.0,7500.0,52.0
Maharashtra,Mumbai,Pulses,Masur Dal,2023-05-16,40.0,Metric Tonnes,7500.0,Rs./Quintal,5,7500.0,7500.0,7500.0,55.0
Maharashtra,Mumbai,Pulses,Masur Dal,2023-05-17,103.0,Metric Tonnes,7500.0,Rs./Quintal,5,7500.0,7500.0,7500.0,40.0
Maharashtra,Mumbai,Pulses,Masur Dal,2023-05-18,85.0,Metric Tonnes,7500.0,Rs./Quintal,5,7500.0,7500.0,7500.0,103.0
Maharashtra,Mumbai,Pulses,Masur Dal,2023-05-19,91.0,Metric Tonnes,7500.0,Rs./Quintal,5,7500.0,7500.0,7500.0,85.0
Maharashtra,Mumbai,Pulses,Masur Dal,2023-05-20,83.0,Metric Tonnes,7500.0,Rs./Quintal,5,7500.0,7500.0,7500.0,91.0
Maharashtra,Mumbai,Pulses,Masur Dal,2023-05-22,146.0,Metric Tonnes,7500.0,Rs./Quintal,5,7500.0,7500.0,7500.0,83.0
Maharashtra,Mumbai,Pulses,Masur Dal,2023-05-23,74.0,Metric Tonnes,7500.0,Rs./Quintal,5,7500.0,7500.0,7500.0,146.0
Maharashtra,Mumbai,Pulses,Masur Dal,2023-05-24,72.0,Metric Tonnes,7500.0,Rs./Quintal,5,7500.0,7500.0,7500.0,74.0
Maharashtra,Mumbai,Pulses,Masur Dal,2023-05-25,51.0,Metric Tonnes,7500.0,Rs./Quintal,5,7500.0,7500.0,7500.0,72.0
Maharashtra,Mumbai,Pulses,Masur Dal,2023-05-26,80.0,Metric Tonnes,7500.0,Rs./Quintal,5,7500.0,7500.0,7500.0,51.0
Maharashtra,Mumbai,Pulses,Masur Dal,2023-05-27,41.0,Metric Tonnes,7500.0,Rs./Quintal,5,7500.0,7500.0,7500.0,80.0
Maharashtra,Mumbai,Pulses,Masur Dal,2023-05-29,80.0,Metric Tonnes,7500.0,Rs./Quintal,5,7500.0,7500.0,7500.0,41.0
Maharashtra,Mumbai,Pulses,Masur Dal,2023-05-30,55.0,Metric Tonnes,7500.0,Rs./Quintal,5,7500.0,7500.0,7500.0,80.0
Maharashtra,Mumbai,Pulses,Masur Dal,2023-05-31,74.0,Metric Tonnes,7500.0,Rs./Quintal,5,7500.0,7500.0,7500.0,55.0
Maharashtra,Mumbai,Pulses,Masur Dal,2023-06-01,125.0,Metric Tonnes,7500.0,Rs./Quintal,6,7500.0,7500.0,7500.0,74.0
Maharashtra,Mumbai,Pulses,Masur Dal,2023-06-02,55.0,Metric Tonnes,7500.0,Rs./Quintal,6,7500.0,7500.0,7500.0,125.0
Maharashtra,Mumbai,Pulses,Masur Dal,2023-06-03,179.0,Metric Tonnes,7500.0,Rs./Quintal,6,7500.0,7500.0,7500.0,55.0
Maharashtra,Mumbai,Pulses,Masur Dal,2023-06-05,106.0,Metric Tonnes,7500.0,Rs./Quintal,6,7500.0,7500.0,7500.0,179.0
Maharashtra,Mumbai,Pulses,Masur Dal,2023-06-06,130.0,Metric Tonnes,7500.0,Rs./Quintal,6,7500.0,7500.0,7500.0,106.0
Maharashtra,Mumbai,Pulses,Masur Dal,2023-06-07,86.0,Metric Tonnes,7500.0,Rs./Quintal,6,7500.0,7500.0,7500.0,130.0
Maharashtra,Mumbai,Pulses,Masur Dal,2023-06-08,112.0,Metric Tonnes,7800.0,Rs./Quintal,6,7500.0,7500.0,7510.0,86.0
Maharashtra,Mumbai,Pulses,Masur Dal,2023-06-09,53.0,Metric Tonnes,7800.0,Rs./Quintal,6,7800.0,7500.0,7520.0,112.0
Maharashtra,Mumbai,Pulses,Masur Dal,2023-06-10,128.0,Metric Tonnes,7800.0,Rs./Quintal,6,7800.0,7500.0,7530.0,53.0
Maharashtra,Mumbai,Pulses,Masur Dal,2023-06-12,45.0,Metric Tonnes,7800.0,Rs./Quintal,6,7800.0,7500.0,7540.0,128.0
Maharashtra,Mumbai,Pulses,Masur Dal,2023-06-13,105.0,Metric Tonnes,7800.0,Rs./Quintal,6,7800.0,7500.0,7550.0,45.0
Maharashtra,Mumbai,Pulses,Masur Dal,2023-06-14,94.0,Metric Tonnes,7800.0,Rs./Quintal,6,7800.0,7500.0,7560.0,105.0
Maharashtra,Mumbai,Pulses,Masur Dal,2023-06-15,84.0,Metric Tonnes,7800.0,Rs./Quintal,6,7800.0,7500.0,7570.0,94.0
Maharashtra,Mumbai,Pulses,Masur Dal,2023-06-16,89.0,Metric Tonnes,7800.0,Rs./Quintal,6,7800.0,7800.0,7580.0,84.0
Maharashtra,Mumbai,Pulses,Masur Dal,2023-06-17,33.0,Metric Tonnes,7800.0,Rs./Quintal,6,7800.0,7800.0,7590.0,89.0
Maharashtra,Mumbai,Pulses,Masur Dal,2023-06-19,83.0,Metric Tonnes,7800.0,Rs./Quintal,6,7800.0,7800.0,7600.0,33.0
Maharashtra,Mumbai,Pulses,Masur Dal,2023-06-20,141.0,Metric Tonnes,7800.0,Rs./Quintal,6,7800.0,7800.0,7610.0,83.0
Maharashtra,Mumbai,Pulses,Masur Dal,2023-06-21,42.0,Metric Tonnes,7800.0,Rs./Quintal,6,7800.0,7800.0,7620.0,141.0
Maharashtra,Mumbai,Pulses,Masur Dal,2023-06-22,52.0,Metric Tonnes,7800.0,Rs./Quintal,6,7800.0,7800.0,7630.0,42.0
Maharashtra,Mumbai,Pulses,Masur Dal,2023-06-23,61.0,Metric Tonnes,7800.0,Rs./Quintal,6,7800.0,7800.0,7640.0,52.0
Maharashtra,Mumbai,Pulses,Masur Dal,2023-06-24,54.0,Metric Tonnes,7800.0,Rs./Quintal,6,7800.0,7800.0,7650.0,61.0
Maharashtra,Mumbai,Pulses,Masur Dal,2023-06-26,54.0,Metric Tonnes,7800.0,Rs./Quintal,6,7800.0,7800.0,7660.0,54.0
Maharashtra,Mumbai,Pulses,Masur Dal,2023-06-27,67.0,Metric Tonnes,7500.0,Rs./Quintal,6,7800.0,7800.0,7660.0,54.0
Maharashtra,Mumbai,Pulses,Masur Dal,2023-06-28,35.0,Metric Tonnes,7500.0,Rs./Quintal,6,7500.0,7800.0,7660.0,67.0
Maharashtra,Mumbai,Pulses,Masur Dal,2023-06-30,52.0,Metric Tonnes,7500.0,Rs./Quintal,6,7500.0,7800.0,7660.0,35.0
Maharashtra,Mumbai,Pulses,Masur Dal,2023-07-01,92.0,Metric Tonnes,7500.0,Rs./Quintal,7,7500.0,7800.0,7660.0,52.0
Maharashtra,Mumbai,Pulses,Masur Dal,2023-07-03,81.0,Metric Tonnes,7500.0,Rs./Quintal,7,7500.0,7800.0,7660.0,92.0
Maharashtra,Mumbai,Pulses,Masur Dal,2023-07-04,102.0,Metric Tonnes,7500.0,Rs./Quintal,7,7500.0,7800.0,7660.0,81.0
Maharashtra,Mumbai,Pulses,Masur Dal,2023-07-05,40.0,Metric Tonnes,7500.0,Rs./Quintal,7,7500.0,7800.0,7660.0,102.0
Maharashtra,Mumbai,Pulses,Masur Dal,2023-07-06,54.0,Metric Tonnes,7500.0,Rs./Quintal,7,7500.0,7500.0,7660.0,40.0
Maharashtra,Mumbai,Pulses,Masur Dal,2023-07-07,72.0,Metric Tonnes,7500.0,Rs./Quintal,7,7500.0,7500.0,7660.0,54.0
Maharashtra,Mumbai,Pulses,Masur Dal,2023-07-08,70.0,Metric Tonnes,7500.0,Rs./Quintal,7,7500.0,7500.0,7660.0,72.0
Maharashtra,Mumbai,Pulses,Masur Dal,2023-07-10,61.0,Metric Tonnes,7500.0,Rs./Quintal,7,7500.0,7500.0,7660.0,70.0
Maharashtra,Mumbai,Pulses,Masur Dal,2023-07-11,88.0,Metric Tonnes,7500.0,Rs./Quintal,7,7500.0,7500.0,7660.0,61.0
Maharashtra,Mumbai,Pulses,Masur Dal,2023-07-12,44.0,Metric Tonnes,7500.0,Rs./Quintal,7,7500.0,7500.0,7660.0,88.0
Maharashtra,Mumbai,Pulses,Masur Dal,2023-07-13,18.0,Metric Tonnes,7500.0,Rs./Quintal,7,7500.0,7500.0,7660.0,44.0
Maharashtra,Mumbai,Pulses,Masur Dal,2023-07-14,76.0,Metric Tonnes,7500.0,Rs./Quintal,7,7500.0,7500.0,7650.0,18.0
Maharashtra,Mumbai,Pulses,Masur Dal,2023-07-15,91.0,Metric Tonnes,7500.0,Rs./Quintal,7,7500.0,7500.0,7640.0,76.0
Maharashtra,Mumbai,Pulses,Masur Dal,2023-07-17,88.0,Metric Tonnes,7500.0,Rs./Quintal,7,7500.0,7500.0,7630.0,91.0
Maharashtra,Mumbai,Pulses,Masur Dal,2023-07-18,65.0,Metric Tonnes,7500.0,Rs./Quintal,7,7500.0,7500.0,7620.0,88.0
Maharashtra,Mumbai,Pulses,Masur Dal,2023-07-19,69.0,Metric Tonnes,7500.0,Rs./Quintal,7,7500.0,7500.0,7610.0,65.0
Maharashtra,Mumbai,Pulses,Masur Dal,2023-07-20,26.0,Metric Tonnes,7500.0,Rs./Quintal,7,7500.0,7500.0,7600.0,69.0
Maharashtra,Mumbai,Pulses,Masur Dal,2023-07-21,59.0,Metric Tonnes,7500.0,Rs./Quintal,7,7500.0,7500.0,7590.0,26.0
Maharashtra,Mumbai,Pulses,Masur Dal,2023-07-22,48.0,Metric Tonnes,7500.0,Rs./Quintal,7,7500.0,7500.0,7580.0,59.0
Maharashtra,Mumbai,Pulses,Masur Dal,2023-07-25,15.0,Metric Tonnes,7500.0,Rs./Quintal,7,7500.0,7500.0,7570.0,48.0
Maharashtra,Mumbai,Pulses,Masur Dal,2023-07-26,51.0,Metric Tonnes,7500.0,Rs./Quintal,7,7500.0,7500.0,7560.0,15.0
Maharashtra,Mumbai,Pulses,Masur Dal,2023-07-27,64.0,Metric Tonnes,7500.0,Rs./Quintal,7,7500.0,7500.0,7550.0,51.0
Maharashtra,Mumbai,Pulses,Masur Dal,2023-07-28,42.0,Metric Tonnes,7500.0,Rs./Quintal,7,7500.0,7500.0,7540.0,64.0
Maharashtra,Mumbai,Pulses,Masur Dal,2023-07-29,37.0,Metric Tonnes,7500.0,Rs./Quintal,7,7500.0,7500.0,7530.0,42.0
Maharashtra,Mumbai,Pulses,Masur Dal,2023-07-31,98.0,Metric Tonnes,7500.0,Rs./Quintal,7,7500.0,7500.0,7520.0,37.0
Maharashtra,Mumbai,Pulses,Masur Dal,2023-08-01,99.0,Metric Tonnes,7500.0,Rs./Quintal,8,7500.0,7500.0,7510.0,98.0
Maharashtra,Mumbai,Pulses,Masur Dal,2023-08-02,44.0,Metric Tonnes,7500.0,Rs./Quintal,8,7500.0,7500.0,7500.0,99.0
Maharashtra,Mumbai,Pulses,Masur Dal,2023-08-03,83.0,Metric Tonnes,7500.0,Rs./Quintal,8,7500.0,7500.0,7500.0,44.0
Maharashtra,Mumbai,Pulses,Masur Dal,2023-08-04,62.0,Metric Tonnes,7500.0,Rs./Quintal,8,7500.0,7500.0,7500.0,83.0
Maharashtra,Mumbai,Pulses,Masur Dal,2023-08-05,63.0,Metric Tonnes,7500.0,Rs./Quintal,8,7500.0,7500.0,7500.0,62.0
Maharashtra,Mumbai,Pulses,Masur Dal,2023-08-07,106.0,Metric Tonnes,7500.0,Rs./Quintal,8,7500.0,7500.0,7500.0,63.0
Maharashtra,Mumbai,Pulses,Masur Dal,2023-08-08,94.0,Metric Tonnes,7500.0,Rs./Quintal,8,7500.0,7500.0,7500.0,106.0
Maharashtra,Mumbai,Pulses,Masur Dal,2023-08-09,124.0,Metric Tonnes,7400.0,Rs./Quintal,8,7500.0,7500.0,7496.666666666667,94.0
Maharashtra,Mumbai,Pulses,Masur Dal,2023-08-10,250.0,Metric Tonnes,7400.0,Rs./Quintal,8,7400.0,7500.0,7493.333333333333,124.0
Maharashtra,Mumbai,Pulses,Masur Dal,2023-08-11,109.0,Metric Tonnes,7400.0,Rs./Quintal,8,7400.0,7500.0,7490.0,250.0
Maharashtra,Mumbai,Pulses,Masur Dal,2023-08-12,116.0,Metric Tonnes,7400.0,Rs./Quintal,8,7400.0,7500.0,7486.666666666667,109.0
Maharashtra,Mumbai,Pulses,Masur Dal,2023-08-14,43.0,Metric Tonnes,7400.0,Rs./Quintal,8,7400.0,7500.0,7483.333333333333,116.0
Maharashtra,Mumbai,Pulses,Masur Dal,2023-08-16,170.0,Metric Tonnes,7400.0,Rs./Quintal,8,7400.0,7500.0,7480.0,43.0
Maharashtra,Mumbai,Pulses,Masur Dal,2023-08-17,86.0,Metric Tonnes,7400.0,Rs./Quintal,8,7400.0,7500.0,7476.666666666667,170.0
Maharashtra,Mumbai,Pulses,Masur Dal,2023-08-18,205.0,Metric Tonnes,7400.0,Rs./Quintal,8,7400.0,7400.0,7473.333333333333,86.0
Maharashtra,Mumbai,Pulses,Masur Dal,2023-08-21,236.0,Metric Tonnes,7400.0,Rs./Quintal,8,7400.0,7400.0,7470.0,205.0
Maharashtra,Mumbai,Pulses,Masur Dal,2023-08-22,95.0,Metric Tonnes,7400.0,Rs./Quintal,8,7400.0,7400.0,7466.666666666667,236.0
Maharashtra,Mumbai,Pulses,Masur Dal,2023-08-23,145.0,Metric Tonnes,7400.0,Rs./Quintal,8,7400.0,7400.0,7463.333333333333,95.0
Maharashtra,Mumbai,Pulses,Masur Dal,2023-08-24,153.0,Metric Tonnes,7400.0,Rs./Quintal,8,7400.0,7400.0,7460.0,145.0
Maharashtra,Mumbai,Pulses,Masur Dal,2023-08-25,86.0,Metric Tonnes,7400.0,Rs./Quintal,8,7400.0,7400.0,7456.666666666667,153.0
Maharashtra,Mumbai,Pulses,Masur Dal,2023-08-26,86.0,Metric Tonnes,7400.0,Rs./Quintal,8,7400.0,7400.0,7453.333333333333,86.0
Maharashtra,Mumbai,Pulses,Masur Dal,2023-08-28,81.0,Metric Tonnes,7400.0,Rs./Quintal,8,7400.0,7400.0,7450.0,86.0
Maharashtra,Mumbai,Pulses,Masur Dal,2023-08-29,92.0,Metric Tonnes,7400.0,Rs./Quintal,8,7400.0,7400.0,7446.666666666667,81.0
Maharashtra,Mumbai,Pulses,Masur Dal,2023-08-30,36.0,Metric Tonnes,7400.0,Rs./Quintal,8,7400.0,7400.0,7443.333333333333,92.0
Maharashtra,Mumbai,Pulses,Masur Dal,2023-08-31,46.0,Metric Tonnes,7400.0,Rs./Quintal,8,7400.0,7400.0,7440.0,36.0
Maharashtra,Mumbai,Pulses,Masur Dal,2023-09-01,104.0,Metric Tonnes,7400.0,Rs./Quintal,9,7400.0,7400.0,7436.666666666667,46.0
Maharashtra,Mumbai,Pulses,Masur Dal,2023-09-04,170.0,Metric Tonnes,7400.0,Rs./Quintal,9,7400.0,7400.0,7433.333333333333,104.0
Maharashtra,Mumbai,Pulses,Masur Dal,2023-09-05,164.0,Metric Tonnes,7400.0,Rs./Quintal,9,7400.0,7400.0,7430.0,170.0
Maharashtra,Mumbai,Pulses,Masur Dal,2023-09-06,94.0,Metric Tonnes,7400.0,Rs./Quintal,9,7400.0,7400.0,7426.666666666667,164.0
Maharashtra,Mumbai,Pulses,Masur Dal,2023-09-08,149.0,Metric Tonnes,7400.0,Rs./Quintal,9,7400.0,7400.0,7423.333333333333,94.0
Maharashtra,Mumbai,Pulses,Masur Dal,2023-09-09,97.0,Metric Tonnes,7400.0,Rs./Quintal,9,7400.0,7400.0,7420.0,149.0
Maharashtra,Mumbai,Pulses,Masur Dal,2023-09-11,78.0,Metric Tonnes,7400.0,Rs./Quintal,9,7400.0,7400.0,7416.666666666667,97.0
Maharashtra,Mumbai,Pulses,Masur Dal,2023-09-12,16.0,Metric Tonnes,7400.0,Rs./Quintal,9,7400.0,7400.0,7413.333333333333,78.0
Maharashtra,Mumbai,Pulses,Masur Dal,2023-09-13,21.0,Metric Tonnes,7400.0,Rs./Quintal,9,7400.0,7400.0,7410.0,16.0
Maharashtra,Mumbai,Pulses,Masur Dal,2023-09-14,67.0,Metric Tonnes,7400.0,Rs./Quintal,9,7400.0,7400.0,7406.666666666667,21.0
Maharashtra,Mumbai,Pulses,Masur Dal,2023-09-15,85.0,Metric Tonnes,7400.0,Rs./Quintal,9,7400.0,7400.0,7403.333333333333,67.0
Maharashtra,Mumbai,Pulses,Masur Dal,2023-09-16,60.0,Metric Tonnes,7400.0,Rs./Quintal,9,7400.0,7400.0,7400.0,85.0
Maharashtra,Mumbai,Pulses,Masur Dal,2023-09-20,113.0,Metric Tonnes,8000.0,Rs./Quintal,9,7400.0,7400.0,7420.0,60.0
Maharashtra,Mumbai,Pulses,Masur Dal,2023-09-21,88.0,Metric Tonnes,8000.0,Rs./Quintal,9,8000.0,7400.0,7440.0,113.0
Maharashtra,Mumbai,Pulses,Masur Dal,2023-09-22,108.0,Metric Tonnes,8000.0,Rs./Quintal,9,8000.0,7400.0,7460.0,88.0
Maharashtra,Mumbai,Pulses,Masur Dal,2023-09-23,89.0,Metric Tonnes,8000.0,Rs./Quintal,9,8000.0,7400.0,7480.0,108.0
Maharashtra,Mumbai,Pulses,Masur Dal,2023-09-26,207.0,Metric Tonnes,8000.0,Rs./Quintal,9,8000.0,7400.0,7500.0,89.0
Maharashtra,Mumbai,Pulses,Masur Dal,2023-09-27,190.0,Metric Tonnes,12000.0,Rs./Quintal,9,8000.0,7400.0,7653.333333333333,207.0
Maharashtra,Mumbai,Pulses,Masur Dal,2023-10-03,91.0,Metric Tonnes,8000.0,Rs./Quintal,10,12000.0,7400.0,7673.333333333333,190.0
Maharashtra,Mumbai,Pulses,Masur Dal,2023-10-04,18.0,Metric Tonnes,8000.0,Rs./Quintal,10,8000.0,8000.0,7693.333333333333,91.0
Maharashtra,Mumbai,Pulses,Masur Dal,2023-10-05,99.0,Metric Tonnes,8000.0,Rs./Quintal,10,8000.0,8000.0,7713.333333333333,18.0
Maharashtra,Mumbai,Pulses,Masur Dal,2023-10-07,22.0,Metric Tonnes,8000.0,Rs./Quintal,10,8000.0,8000.0,7733.333333333333,99.0
Maharashtra,Mumbai,Pulses,Masur Dal,2023-10-09,58.0,Metric Tonnes,8000.0,Rs./Quintal,10,8000.0,8000.0,7753.333333333333,22.0
Maharashtra,Mumbai,Pulses,Masur Dal,2023-10-10,80.0,Metric Tonnes,8000.0,Rs./Quintal,10,8000.0,8000.0,7773.333333333333,58.0
Maharashtra,Mumbai,Pulses,Masur Dal,2023-10-11,47.0,Metric Tonnes,8000.0,Rs./Quintal,10,8000.0,12000.0,7793.333333333333,80.0
Maharashtra,Mumbai,Pulses,Masur Dal,2023-10-12,59.0,Metric Tonnes,8000.0,Rs./Quintal,10,8000.0,8000.0,7813.333333333333,47.0
Maharashtra,Mumbai,Pulses,Masur Dal,2023-10-13,105.0,Metric Tonnes,8000.0,Rs./Quintal,10,8000.0,8000.0,7833.333333333333,59.0
Maharashtra,Mumbai,Pulses,Masur Dal,2023-10-14,33.0,Metric Tonnes,8000.0,Rs./Quintal,10,8000.0,8000.0,7853.333333333333,105.0
Maharashtra,Mumbai,Pulses,Masur Dal,2023-10-16,18.0,Metric Tonnes,8000.0,Rs./Quintal,10,8000.0,8000.0,7873.333333333333,33.0
Maharashtra,Mumbai,Pulses,Masur Dal,2023-10-17,48.0,Metric Tonnes,8000.0,Rs./Quintal,10,8000.0,8000.0,7893.333333333333,18.0
Maharashtra,Mumbai,Pulses,Masur Dal,2023-10-18,77.0,Metric Tonnes,8000.0,Rs./Quintal,10,8000.0,8000.0,7913.333333333333,48.0
Maharashtra,Mumbai,Pulses,Masur Dal,2023-10-19,65.0,Metric Tonnes,8000.0,Rs./Quintal,10,8000.0,8000.0,7933.333333333333,77.0
Maharashtra,Mumbai,Pulses,Masur Dal,2023-10-20,59.0,Metric Tonnes,8000.0,Rs./Quintal,10,8000.0,8000.0,7953.333333333333,65.0
Maharashtra,Mumbai,Pulses,Masur Dal,2023-10-21,95.0,Metric Tonnes,8000.0,Rs./Quintal,10,8000.0,8000.0,7973.333333333333,59.0
Maharashtra,Mumbai,Pulses,Masur Dal,2023-10-23,94.0,Metric Tonnes,8000.0,Rs./Quintal,10,8000.0,8000.0,7993.333333333333,95.0
Maharashtra,Mumbai,Pulses,Masur Dal,2023-10-24,52.0,Metric Tonnes,8000.0,Rs./Quintal,10,8000.0,8000.0,8013.333333333333,94.0
Maharashtra,Mumbai,Pulses,Masur Dal,2023-10-25,5.0,Metric Tonnes,8000.0,Rs./Quintal,10,8000.0,8000.0,8033.333333333333,52.0
Maharashtra,Mumbai,Pulses,Masur Dal,2023-10-26,25.0,Metric Tonnes,8000.0,Rs./Quintal,10,8000.0,8000.0,8053.333333333333,5.0
Maharashtra,Mumbai,Pulses,Masur Dal,2023-10-28,75.0,Metric Tonnes,8000.0,Rs./Quintal,10,8000.0,8000.0,8073.333333333333,25.0
Maharashtra,Mumbai,Pulses,Masur Dal,2023-10-30,100.0,Metric Tonnes,8000.0,Rs./Quintal,10,8000.0,8000.0,8093.333333333333,75.0
Maharashtra,Mumbai,Pulses,Masur Dal,2023-10-31,31.0,Metric Tonnes,8000.0,Rs./Quintal,10,8000.0,8000.0,8113.333333333333,100.0
Maharashtra,Mumbai,Pulses,Masur Dal,2023-11-01,47.0,Metric Tonnes,8000.0,Rs./Quintal,11,8000.0,8000.0,8133.333333333333,31.0
Maharashtra,Mumbai,Pulses,Masur Dal,2023-11-02,62.0,Metric Tonnes,8000.0,Rs./Quintal,11,8000.0,8000.0,8133.333333333333,47.0
Maharashtra,Mumbai,Pulses,Masur Dal,2023-11-03,112.0,Metric Tonnes,8000.0,Rs./Quintal,11,8000.0,8000.0,8133.333333333333,62.0
Maharashtra,Mumbai,Pulses,Masur Dal,2023-11-06,101.0,Metric Tonnes,8000.0,Rs./Quintal,11,8000.0,8000.0,8133.333333333333,112.0
Maharashtra,Mumbai,Pulses,Masur Dal,2023-11-07,101.0,Metric Tonnes,8000.0,Rs./Quintal,11,8000.0,8000.0,8133.333333333333,101.0
Maharashtra,Mumbai,Pulses,Masur Dal,2023-11-08,108.0,Metric Tonnes,8000.0,Rs./Quintal,11,8000.0,8000.0,8133.333333333333,101.0
Maharashtra,Mumbai,Pulses,Masur Dal,2023-11-09,51.0,Metric Tonnes,8000.0,Rs./Quintal,11,8000.0,8000.0,8000.0,108.0
Maharashtra,Mumbai,Pulses,Masur Dal,2023-11-10,90.0,Metric Tonnes,8000.0,Rs./Quintal,11,8000.0,8000.0,8000.0,51.0
Maharashtra,Mumbai,Pulses,Masur Dal,2023-11-16,65.0,Metric Tonnes,8000.0,Rs./Quintal,11,8000.0,8000.0,8000.0,90.0
Maharashtra,Mumbai,Pulses,Masur Dal,2023-11-17,67.0,Metric Tonnes,8000.0,Rs./Quintal,11,8000.0,8000.0,8000.0,65.0
Maharashtra,Mumbai,Pulses,Masur Dal,2023-11-20,184.0,Metric Tonnes,8000.0,Rs./Quintal,11,8000.0,8000.0,8000.0,67.0
Maharashtra,Mumbai,Pulses,Masur Dal,2023-11-21,67.0,Metric Tonnes,8000.0,Rs./Quintal,11,8000.0,8000.0,8000.0,184.0
Maharashtra,Mumbai,Pulses,Masur Dal,2023-11-22,26.0,Metric Tonnes,8000.0,Rs./Quintal,11,8000.0,8000.0,8000.0,67.0
Maharashtra,Mumbai,Pulses,Masur Dal,2023-11-23,52.0,Metric Tonnes,8000.0,Rs./Quintal,11,8000.0,8000.0,8000.0,26.0
Maharashtra,Mumbai,Pulses,Masur Dal,2023-11-24,76.0,Metric Tonnes,8000.0,Rs./Quintal,11,8000.0,8000.0,8000.0,52.0
Maharashtra,Mumbai,Pulses,Masur Dal,2023-11-27,27.0,Metric Tonnes,8000.0,Rs./Quintal,11,8000.0,8000.0,8000.0,76.0
Maharashtra,Mumbai,Pulses,Masur Dal,2023-11-28,71.0,Metric Tonnes,7500.0,Rs./Quintal,11,8000.0,8000.0,7983.333333333333,27.0
Maharashtra,Mumbai,Pulses,Masur Dal,2023-12-02,34.0,Metric Tonnes,7500.0,Rs./Quintal,12,7500.0,8000.0,7966.666666666667,71.0
Maharashtra,Mumbai,Pulses,Masur Dal,2023-12-04,110.0,Metric Tonnes,7500.0,Rs./Quintal,12,7500.0,8000.0,7950.0,34.0
Maharashtra,Mumbai,Pulses,Masur Dal,2023-12-05,104.0,Metric Tonnes,7500.0,Rs./Quintal,12,7500.0,8000.0,7933.333333333333,110.0
Maharashtra,Mumbai,Pulses,Masur Dal,2023-12-06,89.0,Metric Tonnes,7500.0,Rs./Quintal,12,7500.0,8000.0,7916.666666666667,104.0
Maharashtra,Mumbai,Pulses,Masur Dal,2023-12-07,44.0,Metric Tonnes,7500.0,Rs./Quintal,12,7500.0,8000.0,7900.0,89.0
Maharashtra,Mumbai,Pulses,Masur Dal,2023-12-08,87.0,Metric Tonnes,7500.0,Rs./Quintal,12,7500.0,8000.0,7883.333333333333,44.0
Maharashtra,Mumbai,Pulses,Masur Dal,2023-12-09,71.0,Metric Tonnes,7500.0,Rs./Quintal,12,7500.0,7500.0,7866.666666666667,87.0
Maharashtra,Mumbai,Pulses,Masur Dal,2023-12-11,62.0,Metric Tonnes,7500.0,Rs./Quintal,12,7500.0,7500.0,7850.0,71.0
Maharashtra,Mumbai,Pulses,Masur Dal,2023-12-12,96.0,Metric Tonnes,7500.0,Rs./Quintal,12,7500.0,7500.0,7833.333333333333,62.0
Maharashtra,Mumbai,Pulses,Masur Dal,2023-12-13,30.0,Metric Tonnes,7500.0,Rs./Quintal,12,7500.0,7500.0,7816.666666666667,96.0
Maharashtra,Mumbai,Pulses,Masur Dal,2023-12-14,92.0,Metric Tonnes,7500.0,Rs./Quintal,12,7500.0,7500.0,7800.0,30.0
Maharashtra,Mumbai,Pulses,Masur Dal,2023-12-15,75.0,Metric Tonnes,7500.0,Rs./Quintal,12,7500.0,7500.0,7783.333333333333,92.0
Maharashtra,Mumbai,Pulses,Masur Dal,2023-12-16,20.0,Metric Tonnes,7500.0,Rs./Quintal,12,7500.0,7500.0,7766.666666666667,75.0
Maharashtra,Mumbai,Pulses,Masur Dal,2023-12-18,53.0,Metric Tonnes,7500.0,Rs./Quintal,12,7500.0,7500.0,7750.0,20.0
Maharashtra,Mumbai,Pulses,Masur Dal,2023-12-19,121.0,Metric Tonnes,7500.0,Rs./Quintal,12,7500.0,7500.0,7733.333333333333,53.0
Maharashtra,Mumbai,Pulses,Masur Dal,2023-12-20,53.0,Metric Tonnes,7500.0,Rs./Quintal,12,7500.0,7500.0,7716.666666666667,121.0
Maharashtra,Mumbai,Pulses,Masur Dal,2023-12-21,69.0,Metric Tonnes,7500.0,Rs./Quintal,12,7500.0,7500.0,7700.0,53.0
Maharashtra,Mumbai,Pulses,Masur Dal,2023-12-22,45.0,Metric Tonnes,7500.0,Rs./Quintal,12,7500.0,7500.0,7683.333333333333,69.0
Maharashtra,Mumbai,Pulses,Masur Dal,2023-12-26,71.0,Metric Tonnes,7500.0,Rs./Quintal,12,7500.0,7500.0,7666.666666666667,45.0
Maharashtra,Mumbai,Pulses,Masur Dal,2023-12-27,107.0,Metric Tonnes,7500.0,Rs./Quintal,12,7500.0,7500.0,7650.0,71.0
Maharashtra,Mumbai,Pulses,Masur Dal,2023-12-28,59.0,Metric Tonnes,7500.0,Rs./Quintal,12,7500.0,7500.0,7633.333333333333,107.0
Maharashtra,Mumbai,Pulses,Masur Dal,2023-12-29,51.0,Metric Tonnes,7500.0,Rs./Quintal,12,7500.0,7500.0,7616.666666666667,59.0
Maharashtra,Mumbai,Pulses,Masur Dal,2024-01-01,87.0,Metric Tonnes,7500.0,Rs./Quintal,1,7500.0,7500.0,7600.0,51.0
Maharashtra,Mumbai,Pulses,Masur Dal,2024-01-02,89.0,Metric Tonnes,7500.0,Rs./Quintal,1,7500.0,7500.0,7583.333333333333,87.0
Maharashtra,Mumbai,Pulses,Masur Dal,2024-01-03,34.0,Metric Tonnes,7500.0,Rs./Quintal,1,7500.0,7500.0,7566.666666666667,89.0
Maharashtra,Mumbai,Pulses,Masur Dal,2024-01-04,132.0,Metric Tonnes,7500.0,Rs./Quintal,1,7500.0,7500.0,7550.0,34.0
Maharashtra,Mumbai,Pulses,Masur Dal,2024-01-05,29.0,Metric Tonnes,7500.0,Rs./Quintal,1,7500.0,7500.0,7533.333333333333,132.0
Maharashtra,Mumbai,Pulses,Masur Dal,2024-01-06,35.0,Metric Tonnes,7500.0,Rs./Quintal,1,7500.0,7500.0,7516.666666666667,29.0
Maharashtra,Mumbai,Pulses,Masur Dal,2024-01-08,175.0,Metric Tonnes,7500.0,Rs./Quintal,1,7500.0,7500.0,7500.0,35.0
Maharashtra,Mumbai,Pulses,Masur Dal,2024-01-09,51.0,Metric Tonnes,7500.0,Rs./Quintal,1,7500.0,7500.0,7500.0,175.0
Maharashtra,Mumbai,Pulses,Masur Dal,2024-01-10,97.0,Metric Tonnes,7500.0,Rs./Quintal,1,7500.0,7500.0,7500.0,51.0
Maharashtra,Mumbai,Pulses,Masur Dal,2024-01-11,36.0,Metric Tonnes,7500.0,Rs./Quintal,1,7500.0,7500.0,7500.0,97.0
Maharashtra,Mumbai,Pulses,Masur Dal,2024-01-12,134.0,Metric Tonnes,7500.0,Rs./Quintal,1,7500.0,7500.0,7500.0,36.0
Maharashtra,Mumbai,Pulses,Masur Dal,2024-01-13,14.0,Metric Tonnes,7500.0,Rs./Quintal,1,7500.0,7500.0,7500.0,134.0
Maharashtra,Mumbai,Pulses,Masur Dal,2024-01-15,29.0,Metric Tonnes,7500.0,Rs./Quintal,1,7500.0,7500.0,7500.0,14.0
Maharashtra,Mumbai,Pulses,Masur Dal,2024-01-16,313.0,Metric Tonnes,10400.0,Rs./Quintal,1,7500.0,7500.0,7596.666666666667,29.0
Maharashtra,Mumbai,Pulses,Masur Dal,2024-01-17,54.0,Metric Tonnes,7500.0,Rs./Quintal,1,10400.0,7500.0,7596.666666666667,313.0
Maharashtra,Mumbai,Pulses,Masur Dal,2024-01-18,22.0,Metric Tonnes,7500.0,Rs./Quintal,1,7500.0,7500.0,7596.666666666667,54.0
Maharashtra,Mumbai,Pulses,Masur Dal,2024-01-19,29.0,Metric Tonnes,7500.0,Rs./Quintal,1,7500.0,7500.0,7596.666666666667,22.0
Maharashtra,Mumbai,Pulses,Masur Dal,2024-01-23,88.0,Metric Tonnes,7500.0,Rs./Quintal,1,7500.0,7500.0,7596.666666666667,29.0
Maharashtra,Mumbai,Pulses,Masur Dal,2024-01-24,35.0,Metric Tonnes,7500.0,Rs./Quintal,1,7500.0,7500.0,7596.666666666667,88.0
Maharashtra,Mumbai,Pulses,Masur Dal,2024-01-29,68.0,Metric Tonnes,7500.0,Rs./Quintal,1,7500.0,7500.0,7596.666666666667,35.0
Maharashtra,Mumbai,Pulses,Masur Dal,2024-01-30,76.0,Metric Tonnes,7500.0,Rs./Quintal,1,7500.0,10400.0,7596.666666666667,68.0
Maharashtra,Mumbai,Pulses,Masur Dal,2024-01-31,30.0,Metric Tonnes,7500.0,Rs./Quintal,1,7500.0,7500.0,7596.666666666667,76.0
Maharashtra,Mumbai,Pulses,Masur Dal,2024-02-01,63.0,Metric Tonnes,7500.0,Rs./Quintal,2,7500.0,7500.0,7596.666666666667,30.0
Maharashtra,Mumbai,Pulses,Masur Dal,2024-02-02,87.0,Metric Tonnes,7500.0,Rs./Quintal,2,7500.0,7500.0,7596.666666666667,63.0
Maharashtra,Mumbai,Pulses,Masur Dal,2024-02-03,144.0,Metric Tonnes,7500.0,Rs./Quintal,2,7500.0,7500.0,7596.666666666667,87.0
Maharashtra,Mumbai,Pulses,Masur Dal,2024-02-05,113.0,Metric Tonnes,7500.0,Rs./Quintal,2,7500.0,7500.0,7596.666666666667,144.0
Maharashtra,Mumbai,Pulses,Masur Dal,2024-02-06,68.0,Metric Tonnes,7500.0,Rs./Quintal,2,7500.0,7500.0,7596.666666666667,113.0
Maharashtra,Mumbai,Pulses,Masur Dal,2024-02-07,84.0,Metric Tonnes,7500.0,Rs./Quintal,2,7500.0,7500.0,7596.666666666667,68.0
Maharashtra,Mumbai,Pulses,Masur Dal,2024-02-08,70.0,Metric Tonnes,7500.0,Rs./Quintal,2,7500.0,7500.0,7596.666666666667,84.0
Maharashtra,Mumbai,Pulses,Masur Dal,2024-02-09,48.0,Metric Tonnes,7600.0,Rs./Quintal,2,7500.0,7500.0,7600.0,70.0
Maharashtra,Mumbai,Pulses,Masur Dal,2024-02-10,117.0,Metric Tonnes,7600.0,Rs./Quintal,2,7600.0,7500.0,7603.333333333333,48.0
Maharashtra,Mumbai,Pulses,Masur Dal,2024-02-12,56.0,Metric Tonnes,7600.0,Rs./Quintal,2,7600.0,7500.0,7606.666666666667,117.0
Maharashtra,Mumbai,Pulses,Masur Dal,2024-02-13,130.0,Metric Tonnes,7600.0,Rs./Quintal,2,7600.0,7500.0,7610.0,56.0
Maharashtra,Mumbai,Pulses,Masur Dal,2024-02-14,102.0,Metric Tonnes,7600.0,Rs./Quintal,2,7600.0,7500.0,7613.333333333333,130.0
Maharashtra,Mumbai,Pulses,Masur Dal,2024-02-15,76.0,Metric Tonnes,7600.0,Rs./Quintal,2,7600.0,7500.0,7616.666666666667,102.0
Maharashtra,Mumbai,Pulses,Masur Dal,2024-02-16,36.0,Metric Tonnes,7600.0,Rs./Quintal,2,7600.0,7500.0,7620.0,76.0
Maharashtra,Mumbai,Pulses,Masur Dal,2024-02-20,218.0,Metric Tonnes,7600.0,Rs./Quintal,2,7600.0,7600.0,7623.333333333333,36.0
Maharashtra,Mumbai,Pulses,Masur Dal,2024-02-21,97.0,Metric Tonnes,7600.0,Rs./Quintal,2,7600.0,7600.0,7626.666666666667,218.0
Maharashtra,Mumbai,Pulses,Masur Dal,2024-02-22,53.0,Metric Tonnes,7600.0,Rs./Quintal,2,7600.0,7600.0,7630.0,97.0
Maharashtra,Mumbai,Pulses,Masur Dal,2024-02-23,40.0,Metric Tonnes,7600.0,Rs./Quintal,2,7600.0,7600.0,7633.333333333333,53.0
Maharashtra,Mumbai,Pulses,Masur Dal,2024-02-24,43.0,Metric Tonnes,7600.0,Rs./Quintal,2,7600.0,7600.0,7636.666666666667,40.0
Maharashtra,Mumbai,Pulses,Masur Dal,2024-02-26,95.0,Metric Tonnes,7600.0,Rs./Quintal,2,7600.0,7600.0,7640.0,43.0
Maharashtra,Mumbai,Pulses,Masur Dal,2024-02-27,90.0,Metric Tonnes,7700.0,Rs./Quintal,2,7600.0,7600.0,7646.666666666667,95.0
Maharashtra,Mumbai,Pulses,Masur Dal,2024-02-28,37.5,Metric Tonnes,7700.0,Rs./Quintal,2,7700.0,7600.0,7556.666666666667,90.0
Maharashtra,Mumbai,Pulses,Masur Dal,2024-02-29,50.4,Metric Tonnes,7700.0,Rs./Quintal,2,7700.0,7600.0,7563.333333333333,37.5
Maharashtra,Mumbai,Pulses,Masur Dal,2024-03-01,85.3,Metric Tonnes,7700.0,Rs./Quintal,3,7700.0,7600.0,7570.0,50.4
Maharashtra,Mumbai,Pulses,Masur Dal,2024-03-02,99.9,Metric Tonnes,7700.0,Rs./Quintal,3,7700.0,7600.0,7576.666666666667,85.3
Maharashtra,Mumbai,Pulses,Masur Dal,2024-03-04,98.0,Metric Tonnes,7700.0,Rs./Quintal,3,7700.0,7600.0,7583.333333333333,99.9
Maharashtra,Mumbai,Pulses,Masur Dal,2024-03-05,178.3,Metric Tonnes,7700.0,Rs./Quintal,3,7700.0,7600.0,7590.0,98.0
Maharashtra,Mumbai,Pulses,Masur Dal,2024-03-06,97.3,Metric Tonnes,7700.0,Rs./Quintal,3,7700.0,7700.0,7596.666666666667,178.3
Maharashtra,Mumbai,Pulses,Masur Dal,2024-03-07,74.4,Metric Tonnes,7700.0,Rs./Quintal,3,7700.0,7700.0,7603.333333333333,97.3
Maharashtra,Mumbai,Pulses,Masur Dal,2024-03-11,104.9,Metric Tonnes,7700.0,Rs./Quintal,3,7700.0,7700.0,7610.0,74.4
Maharashtra,Mumbai,Pulses,Masur Dal,2024-03-12,110.3,Metric Tonnes,7700.0,Rs./Quintal,3,7700.0,7700.0,7616.666666666667,104.9
Maharashtra,Mumbai,Pulses,Masur Dal,2024-03-13,109.9,Metric Tonnes,7700.0,Rs./Quintal,3,7700.0,7700.0,7623.333333333333,110.3
Maharashtra,Mumbai,Pulses,Masur Dal,2024-03-14,57.4,Metric Tonnes,7700.0,Rs./Quintal,3,7700.0,7700.0,7630.0,109.9
Maharashtra,Mumbai,Pulses,Masur Dal,2024-03-15,84.6,Metric Tonnes,7700.0,Rs./Quintal,3,7700.0,7700.0,7636.666666666667,57.4
Maharashtra,Mumbai,Pulses,Masur Dal,2024-03-16,32.0,Metric Tonnes,7700.0,Rs./Quintal,3,7700.0,7700.0,7643.333333333333,84.6
Maharashtra,Mumbai,Pulses,Masur Dal,2024-03-18,82.2,Metric Tonnes,7700.0,Rs./Quintal,3,7700.0,7700.0,7650.0,32.0
Maharashtra,Mumbai,Pulses,Masur Dal,2024-03-19,198.1,Metric Tonnes,7700.0,Rs./Quintal,3,7700.0,7700.0,7656.666666666667,82.2
Maharashtra,Mumbai,Pulses,Masur Dal,2024-03-20,94.8,Metric Tonnes,7700.0,Rs./Quintal,3,7700.0,7700.0,7660.0,198.1
Maharashtra,Mumbai,Pulses,Masur Dal,2024-03-21,15.0,Metric Tonnes,7700.0,Rs./Quintal,3,7700.0,7700.0,7663.333333333333,94.8
Maharashtra,Mumbai,Pulses,Masur Dal,2024-03-22,82.6,Metric Tonnes,7700.0,Rs./Quintal,3,7700.0,7700.0,7666.666666666667,15.0
Maharashtra,Mumbai,Pulses,Masur Dal,2024-03-26,84.5,Metric Tonnes,7700.0,Rs./Quintal,3,7700.0,7700.0,7670.0,82.6
Maharashtra,Mumbai,Pulses,Masur Dal,2024-03-27,144.0,Metric Tonnes,10500.0,Rs./Quintal,3,7700.0,7700.0,7766.666666666667,84.5
Maharashtra,Mumbai,Pulses,Masur Dal,2024-03-28,50.1,Metric Tonnes,10500.0,Rs./Quintal,3,10500.0,7700.0,7863.333333333333,144.0
Maharashtra,Mumbai,Pulses,Masur Dal,2024-03-30,57.8,Metric Tonnes,10500.0,Rs./Quintal,3,10500.0,7700.0,7960.0,50.1
Maharashtra,Mumbai,Pulses,Masur Dal,2024-04-02,72.9,Metric Tonnes,10500.0,Rs./Quintal,4,10500.0,7700.0,8056.666666666667,57.8
Maharashtra,Mumbai,Pulses,Masur Dal,2024-04-03,92.6,Metric Tonnes,10500.0,Rs./Quintal,4,10500.0,7700.0,8153.333333333333,72.9
Maharashtra,Mumbai,Pulses,Masur Dal,2024-04-04,68.5,Metric Tonnes,10500.0,Rs./Quintal,4,10500.0,7700.0,8250.0,92.6
Maharashtra,Mumbai,Pulses,Masur Dal,2024-04-05,114.0,Metric Tonnes,10500.0,Rs./Quintal,4,10500.0,7700.0,8346.666666666666,68.5
Maharashtra,Mumbai,Pulses,Masur Dal,2024-04-06,45.2,Metric Tonnes,10500.0,Rs./Quintal,4,10500.0,10500.0,8443.333333333334,114.0
Maharashtra,Mumbai,Pulses,Masur Dal,2024-04-08,59.4,Metric Tonnes,10500.0,Rs./Quintal,4,10500.0,10500.0,8540.0,45.2
Maharashtra,Mumbai,Pulses,Masur Dal,2024-04-15,86.9,Metric Tonnes,10500.0,Rs./Quintal,4,10500.0,10500.0,8633.333333333334,59.4
Maharashtra,Mumbai,Pulses,Masur Dal,2024-04-19,73.0,Metric Tonnes,13000.0,Rs./Quintal,4,10500.0,10500.0,8810.0,86.9
Maharashtra,Mumbai,Pulses,Masur Dal,2024-04-22,58.1,Metric Tonnes,10500.0,Rs./Quintal,4,13000.0,10500.0,8903.333333333334,73.0
Maharashtra,Mumbai,Pulses,Masur Dal,2024-04-24,40.2,Metric Tonnes,10500.0,Rs./Quintal,4,10500.0,10500.0,8996.666666666666,58.1
Maharashtra,Mumbai,Pulses,Masur Dal,2024-04-25,24.2,Metric Tonnes,10500.0,Rs./Quintal,4,10500.0,10500.0,9090.0,40.2
Maharashtra,Mumbai,Pulses,Masur Dal,2024-04-26,48.1,Metric Tonnes,10500.0,Rs./Quintal,4,10500.0,10500.0,9183.333333333334,24.2
Maharashtra,Mumbai,Pulses,Masur Dal,2024-04-27,14.1,Metric Tonnes,10500.0,Rs./Quintal,4,10500.0,10500.0,9276.666666666666,48.1
Maharashtra,Mumbai,Pulses,Masur Dal,2024-04-29,76.4,Metric Tonnes,10500.0,Rs./Quintal,4,10500.0,10500.0,9370.0,14.1
Maharashtra,Mumbai,Pulses,Masur Dal,2024-04-30,38.1,Metric Tonnes,10500.0,Rs./Quintal,4,10500.0,13000.0,9463.333333333334,76.4
Maharashtra,Mumbai,Pulses,Masur Dal,2024-05-02,78.7,Metric Tonnes,10500.0,Rs./Quintal,5,10500.0,10500.0,9556.666666666666,38.1
Maharashtra,Mumbai,Pulses,Masur Dal,2024-05-03,71.1,Metric Tonnes,10500.0,Rs./Quintal,5,10500.0,10500.0,9650.0,78.7
Maharashtra,Mumbai,Pulses,Masur Dal,2024-05-04,50.4,Metric Tonnes,10500.0,Rs./Quintal,5,10500.0,10500.0,9743.333333333334,71.1
Maharashtra,Mumbai,Pulses,Masur Dal,2024-05-06,69.3,Metric Tonnes,10500.0,Rs./Quintal,5,10500.0,10500.0,9836.666666666666,50.4
Maharashtra,Mumbai,Pulses,Masur Dal,2024-05-09,68.8,Metric Tonnes,10500.0,Rs./Quintal,5,10500.0,10500.0,9930.0,69.3
Maharashtra,Mumbai,Pulses,Masur Dal,2024-05-10,112.6,Metric Tonnes,10500.0,Rs./Quintal,5,10500.0,10500.0,10023.333333333334,68.8
Maharashtra,Mumbai,Pulses,Masur Dal,2024-05-13,98.0,Metric Tonnes,10500.0,Rs./Quintal,5,10500.0,10500.0,10116.666666666666,112.6
Maharashtra,Mumbai,Pulses,Masur Dal,2024-05-14,95.2,Metric Tonnes,10500.0,Rs./Quintal,5,10500.0,10500.0,10210.0,98.0
Maharashtra,Mumbai,Pulses,Masur Dal,2024-05-15,59.2,Metric Tonnes,10500.0,Rs./Quintal,5,10500.0,10500.0,10303.333333333334,95.2
Maharashtra,Mumbai,Pulses,Masur Dal,2024-05-16,67.5,Metric Tonnes,10500.0,Rs./Quintal,5,10500.0,10500.0,10396.666666666666,59.2
Maharashtra,Mumbai,Pulses,Masur Dal,2024-05-17,80.7,Metric Tonnes,10500.0,Rs./Quintal,5,10500.0,10500.0,10490.0,67.5
Maharashtra,Mumbai,Pulses,Masur Dal,2024-05-21,61.4,Metric Tonnes,10500.0,Rs./Quintal,5,10500.0,10500.0,10583.333333333334,80.7
Maharashtra,Mumbai,Pulses,Masur Dal,2024-05-22,86.0,Metric Tonnes,10500.0,Rs./Quintal,5,10500.0,10500.0,10583.333333333334,61.4
Maharashtra,Mumbai,Pulses,Masur Dal,2024-05-23,36.7,Metric Tonnes,10500.0,Rs./Quintal,5,10500.0,10500.0,10583.333333333334,86.0
Maharashtra,Mumbai,Pulses,Masur Dal,2024-05-24,106.5,Metric Tonnes,9000.0,Rs./Quintal,5,10500.0,10500.0,10533.333333333334,36.7
Maharashtra,Mumbai,Pulses,Masur Dal,2024-05-28,145.0,Metric Tonnes,9000.0,Rs./Quintal,5,9000.0,10500.0,10483.333333333334,106.5
Maharashtra,Mumbai,Pulses,Masur Dal,2024-05-29,120.8,Metric Tonnes,9000.0,Rs./Quintal,5,9000.0,10500.0,10433.333333333334,145.0
Maharashtra,Mumbai,Pulses,Masur Dal,2024-05-31,42.1,Metric Tonnes,9000.0,Rs./Quintal,5,9000.0,10500.0,10383.333333333334,120.8
Maharashtra,Mumbai,Pulses,Masur Dal,2024-06-05,97.2,Metric Tonnes,9000.0,Rs./Quintal,6,9000.0,10500.0,10333.333333333334,42.1
Maharashtra,Mumbai,Pulses,Masur Dal,2024-06-06,54.6,Metric Tonnes,9000.0,Rs./Quintal,6,9000.0,10500.0,10283.333333333334,97.2
Maharashtra,Mumbai,Pulses,Masur Dal,2024-06-07,59.3,Metric Tonnes,9000.0,Rs./Quintal,6,9000.0,10500.0,10233.333333333334,54.6
Maharashtra,Mumbai,Pulses,Masur Dal,2024-06-24,135.9,Metric Tonnes,9000.0,Rs./Quintal,6,9000.0,9000.0,10183.333333333334,59.3
Maharashtra,Mumbai,Pulses,Masur Dal,2024-06-25,56.4,Metric Tonnes,9000.0,Rs./Quintal,6,9000.0,9000.0,10050.0,135.9
Maharashtra,Mumbai,Pulses,Masur Dal,2024-06-27,83.7,Metric Tonnes,9000.0,Rs./Quintal,6,9000.0,9000.0,10000.0,56.4
Maharashtra,Mumbai,Pulses,Masur Dal,2024-06-28,72.4,Metric Tonnes,9000.0,Rs./Quintal,6,9000.0,9000.0,9950.0,83.7
Maharashtra,Mumbai,Pulses,Masur Dal,2024-06-29,80.6,Metric Tonnes,8800.0,Rs./Quintal,6,9000.0,9000.0,9893.333333333334,72.4
Maharashtra,Mumbai,Pulses,Masur Dal,2024-07-01,59.7,Metric Tonnes,8800.0,Rs./Quintal,7,8800.0,9000.0,9836.666666666666,80.6
Maharashtra,Mumbai,Pulses,Masur Dal,2024-07-04,31.4,Metric Tonnes,8800.0,Rs./Quintal,7,8800.0,9000.0,9780.0,59.7
Maharashtra,Mumbai,Pulses,Masur Dal,2024-07-05,74.0,Metric Tonnes,8800.0,Rs./Quintal,7,8800.0,9000.0,9723.333333333334,31.4
Maharashtra,Mumbai,Pulses,Masur Dal,2024-07-06,66.8,Metric Tonnes,8800.0,Rs./Quintal,7,8800.0,9000.0,9666.666666666666,74.0
Maharashtra,Mumbai,Pulses,Masur Dal,2024-07-08,44.4,Metric Tonnes,8800.0,Rs./Quintal,7,8800.0,9000.0,9610.0,66.8
Maharashtra,Mumbai,Pulses,Masur Dal,2024-07-09,40.2,Metric Tonnes,8800.0,Rs./Quintal,7,8800.0,9000.0,9553.333333333334,44.4
Maharashtra,Mumbai,Pulses,Masur Dal,2024-07-10,63.3,Metric Tonnes,8800.0,Rs./Quintal,7,8800.0,8800.0,9496.666666666666,40.2
Maharashtra,Mumbai,Pulses,Masur Dal,2024-07-11,28.7,Metric Tonnes,8800.0,Rs./Quintal,7,8800.0,8800.0,9440.0,63.3
Maharashtra,Mumbai,Pulses,Masur Dal,2024-07-12,69.2,Metric Tonnes,8800.0,Rs./Quintal,7,8800.0,8800.0,9383.333333333334,28.7
Maharashtra,Mumbai,Pulses,Masur Dal,2024-07-15,54.3,Metric Tonnes,8800.0,Rs./Quintal,7,8800.0,8800.0,9326.666666666666,69.2
Maharashtra,Mumbai,Pulses,Masur Dal,2024-07-16,63.0,Metric Tonnes,8800.0,Rs./Quintal,7,8800.0,8800.0,9270.0,54.3
Maharashtra,Mumbai,Pulses,Masur Dal,2024-07-18,112.3,Metric Tonnes,8800.0,Rs./Quintal,7,8800.0,8800.0,9213.333333333334,63.0
Maharashtra,Mumbai,Pulses,Masur Dal,2024-07-19,118.5,Metric Tonnes,8800.0,Rs./Quintal,7,8800.0,8800.0,9156.666666666666,112.3
Maharashtra,Mumbai,Pulses,Masur Dal,2024-07-22,115.4,Metric Tonnes,8800.0,Rs./Quintal,7,8800.0,8800.0,9100.0,118.5
Maharashtra,Mumbai,Pulses,Masur Dal,2024-07-23,52.4,Metric Tonnes,8800.0,Rs./Quintal,7,8800.0,8800.0,9043.333333333334,115.4
Maharashtra,Mumbai,Pulses,Masur Dal,2024-07-24,47.4,Metric Tonnes,8800.0,Rs./Quintal,7,8800.0,8800.0,8986.666666666666,52.4
Maharashtra,Mumbai,Pulses,Masur Dal,2024-07-25,48.7,Metric Tonnes,8800.0,Rs./Quintal,7,8800.0,8800.0,8930.0,47.4
Maharashtra,Mumbai,Pulses,Masur Dal,2024-07-26,86.4,Metric Tonnes,8800.0,Rs./Quintal,7,8800.0,8800.0,8873.333333333334,48.7
Maharashtra,Mumbai,Pulses,Masur Dal,2024-07-30,38.1,Metric Tonnes,8800.0,Rs./Quintal,7,8800.0,8800.0,8866.666666666666,86.4
Maharashtra,Mumbai,Pulses,Masur Dal,2024-07-31,70.3,Metric Tonnes,8800.0,Rs./Quintal,7,8800.0,8800.0,8860.0,38.1
Maharashtra,Mumbai,Pulses,Masur Dal,2024-08-01,74.9,Metric Tonnes,8800.0,Rs./Quintal,8,8800.0,8800.0,8853.333333333334,70.3
Maharashtra,Mumbai,Pulses,Masur Dal,2024-08-02,88.7,Metric Tonnes,8800.0,Rs./Quintal,8,8800.0,8800.0,8846.666666666666,74.9
Maharashtra,Mumbai,Pulses,Masur Dal,2024-08-05,65.9,Metric Tonnes,8800.0,Rs./Quintal,8,8800.0,8800.0,8840.0,88.7
Maharashtra,Mumbai,Pulses,Masur Dal,2024-08-06,124.6,Metric Tonnes,8800.0,Rs./Quintal,8,8800.0,8800.0,8833.333333333334,65.9
Maharashtra,Mumbai,Pulses,Masur Dal,2024-08-07,131.2,Metric Tonnes,8800.0,Rs./Quintal,8,8800.0,8800.0,8826.666666666666,124.6
Maharashtra,Mumbai,Pulses,Masur Dal,2024-08-08,115.2,Metric Tonnes,8800.0,Rs./Quintal,8,8800.0,8800.0,8820.0,131.2
Maharashtra,Mumbai,Pulses,Masur Dal,2024-08-09,97.2,Metric Tonnes,8800.0,Rs./Quintal,8,8800.0,8800.0,8813.333333333334,115.2
Maharashtra,Mumbai,Pulses,Masur Dal,2024-08-12,116.2,Metric Tonnes,8800.0,Rs./Quintal,8,8800.0,8800.0,8806.666666666666,97.2
Maharashtra,Mumbai,Pulses,Masur Dal,2024-08-13,157.0,Metric Tonnes,7525.0,Rs./Quintal,8,8800.0,8800.0,8757.5,116.2
Maharashtra,Mumbai,Pulses,Masur Dal,2024-08-14,106.4,Metric Tonnes,7525.0,Rs./Quintal,8,7525.0,8800.0,8715.0,157.0
Maharashtra,Mumbai,Pulses,Masur Dal,2024-08-16,131.1,Metric Tonnes,7525.0,Rs./Quintal,8,7525.0,8800.0,8672.5,106.4
Maharashtra,Mumbai,Pulses,Masur Dal,2024-08-20,174.4,Metric Tonnes,7525.0,Rs./Quintal,8,7525.0,8800.0,8630.0,131.1
Maharashtra,Mumbai,Pulses,Masur Dal,2024-08-21,74.8,Metric Tonnes,7525.0,Rs./Quintal,8,7525.0,8800.0,8587.5,174.4
Maharashtra,Mumbai,Pulses,Masur Dal,2024-08-22,105.5,Metric Tonnes,7525.0,Rs./Quintal,8,7525.0,8800.0,8545.0,74.8
Maharashtra,Mumbai,Pulses,Masur Dal,2024-08-23,83.3,Metric Tonnes,7525.0,Rs./Quintal,8,7525.0,8800.0,8502.5,105.5
Maharashtra,Mumbai,Pulses,Masur Dal,2024-08-24,110.2,Metric Tonnes,7525.0,Rs./Quintal,8,7525.0,7525.0,8460.0,83.3
Maharashtra,Mumbai,Pulses,Masur Dal,2024-08-26,135.6,Metric Tonnes,7525.0,Rs./Quintal,8,7525.0,7525.0,8417.5,110.2
Maharashtra,Mumbai,Pulses,Masur Dal,2024-08-28,117.6,Metric Tonnes,7525.0,Rs./Quintal,8,7525.0,7525.0,8375.0,135.6
Maharashtra,Mumbai,Pulses,Masur Dal,2024-08-29,73.3,Metric Tonnes,7525.0,Rs./Quintal,8,7525.0,7525.0,8332.5,117.6
Maharashtra,Mumbai,Pulses,Masur Dal,2024-09-02,110.7,Metric Tonnes,7525.0,Rs./Quintal,9,7525.0,7525.0,8290.0,73.3
Maharashtra,Mumbai,Pulses,Masur Dal,2024-09-03,97.6,Metric Tonnes,7525.0,Rs./Quintal,9,7525.0,7525.0,8247.5,110.7
Maharashtra,Mumbai,Pulses,Masur Dal,2024-09-04,169.7,Metric Tonnes,7525.0,Rs./Quintal,9,7525.0,7525.0,8205.0,97.6
Maharashtra,Mumbai,Pulses,Masur Dal,2024-09-05,94.4,Metric Tonnes,7525.0,Rs./Quintal,9,7525.0,7525.0,8162.5,169.7
Maharashtra,Mumbai,Pulses,Masur Dal,2024-09-06,123.3,Metric Tonnes,7525.0,Rs./Quintal,9,7525.0,7525.0,8120.0,94.4
Maharashtra,Mumbai,Pulses,Masur Dal,2024-09-09,206.2,Metric Tonnes,7525.0,Rs./Quintal,9,7525.0,7525.0,8077.5,123.3
Maharashtra,Mumbai,Pulses,Masur Dal,2024-09-10,212.9,Metric Tonnes,7525.0,Rs./Quintal,9,7525.0,7525.0,8035.0,206.2
Maharashtra,Mumbai,Pulses,Masur Dal,2024-09-11,94.1,Metric Tonnes,7525.0,Rs./Quintal,9,7525.0,7525.0,7992.5,212.9
Maharashtra,Mumbai,Pulses,Masur Dal,2024-09-12,124.1,Metric Tonnes,7525.0,Rs./Quintal,9,7525.0,7525.0,7950.0,94.1
Maharashtra,Mumbai,Pulses,Masur Dal,2024-09-13,90.5,Metric Tonnes,10900.0,Rs./Quintal,9,7525.0,7525.0,8020.0,124.1
Maharashtra,Mumbai,Pulses,Masur Dal,2024-09-14,106.1,Metric Tonnes,7525.0,Rs./Quintal,9,10900.0,7525.0,7977.5,90.5
Maharashtra,Mumbai,Pulses,Masur Dal,2024-09-16,103.5,Metric Tonnes,7525.0,Rs./Quintal,9,7525.0,7525.0,7935.0,106.1
Maharashtra,Mumbai,Pulses,Masur Dal,2024-09-18,189.6,Metric Tonnes,7525.0,Rs./Quintal,9,7525.0,7525.0,7892.5,103.5
Maharashtra,Mumbai,Pulses,Masur Dal,2024-09-19,61.4,Metric Tonnes,7525.0,Rs./Quintal,9,7525.0,7525.0,7850.0,189.6
Maharashtra,Mumbai,Pulses,Masur Dal,2024-09-20,72.2,Metric Tonnes,7525.0,Rs./Quintal,9,7525.0,7525.0,7807.5,61.4
Maharashtra,Mumbai,Pulses,Masur Dal,2024-09-21,105.9,Metric Tonnes,7525.0,Rs./Quintal,9,7525.0,7525.0,7765.0,72.2
Maharashtra,Mumbai,Pulses,Masur Dal,2024-09-23,94.0,Metric Tonnes,7525.0,Rs./Quintal,9,7525.0,10900.0,7722.5,105.9
Maharashtra,Mumbai,Pulses,Masur Dal,2024-09-24,94.5,Metric Tonnes,7525.0,Rs./Quintal,9,7525.0,7525.0,7680.0,94.0
Maharashtra,Mumbai,Pulses,Masur Dal,2024-09-26,81.7,Metric Tonnes,7525.0,Rs./Quintal,9,7525.0,7525.0,7637.5,94.5
Maharashtra,Mumbai,Pulses,Masur Dal,2024-09-27,123.5,Metric Tonnes,7525.0,Rs./Quintal,9,7525.0,7525.0,7637.5,81.7
Maharashtra,Mumbai,Pulses,Masur Dal,2024-09-30,140.1,Metric Tonnes,7525.0,Rs./Quintal,9,7525.0,7525.0,7637.5,123.5
Maharashtra,Mumbai,Pulses,Masur Dal,2024-10-01,72.8,Metric Tonnes,7525.0,Rs./Quintal,10,7525.0,7525.0,7637.5,140.1
Maharashtra,Mumbai,Pulses,Masur Dal,2024-10-03,84.1,Metric Tonnes,7525.0,Rs./Quintal,10,7525.0,7525.0,7637.5,72.8
Maharashtra,Mumbai,Pulses,Masur Dal,2024-10-04,109.0,Metric Tonnes,7525.0,Rs./Quintal,10,7525.0,7525.0,7637.5,84.1
Maharashtra,Mumbai,Pulses,Masur Dal,2024-10-09,118.4,Metric Tonnes,7525.0,Rs./Quintal,10,7525.0,7525.0,7637.5,109.0
Maharashtra,Mumbai,Pulses,Masur Dal,2024-10-10,149.7,Metric Tonnes,7525.0,Rs./Quintal,10,7525.0,7525.0,7637.5,118.4
Maharashtra,Mumbai,Pulses,Masur Dal,2024-10-11,82.5,Metric Tonnes,7525.0,Rs./Quintal,10,7525.0,7525.0,7637.5,149.7
Maharashtra,Mumbai,Pulses,Masur Dal,2024-10-14,150.8,Metric Tonnes,7525.0,Rs./Quintal,10,7525.0,7525.0,7637.5,82.5
Maharashtra,Mumbai,Pulses,Masur Dal,2024-10-15,13.6,Metric Tonnes,7525.0,Rs./Quintal,10,7525.0,7525.0,7637.5,150.8
Maharashtra,Mumbai,Pulses,Masur Dal,2024-10-16,156.4,Metric Tonnes,7525.0,Rs./Quintal,10,7525.0,7525.0,7637.5,13.6
Maharashtra,Mumbai,Pulses,Masur Dal,2024-10-17,53.2,Metric Tonnes,7525.0,Rs./Quintal,10,7525.0,7525.0,7637.5,156.4
Maharashtra,Mumbai,Pulses,Masur Dal,2024-10-18,100.9,Metric Tonnes,7525.0,Rs./Quintal,10,7525.0,7525.0,7637.5,53.2
Maharashtra,Mumbai,Pulses,Masur Dal,2024-10-29,65.2,Metric Tonnes,7100.0,Rs./Quintal,10,7525.0,7525.0,7623.333333333333,100.9
Maharashtra,Mumbai,Pulses,Masur Dal,2024-10-30,68.7,Metric Tonnes,7100.0,Rs./Quintal,10,7100.0,7525.0,7609.166666666667,65.2
Maharashtra,Mumbai,Pulses,Masur Dal,2024-11-02,120.2,Metric Tonnes,7100.0,Rs./Quintal,11,7100.0,7525.0,7595.0,68.7
Maharashtra,Mumbai,Pulses,Masur Dal,2024-11-04,86.6,Metric Tonnes,7100.0,Rs./Quintal,11,7100.0,7525.0,7580.833333333333,120.2
Maharashtra,Mumbai,Pulses,Masur Dal,2024-11-06,122.9,Metric Tonnes,7100.0,Rs./Quintal,11,7100.0,7525.0,7566.666666666667,86.6
Maharashtra,Mumbai,Pulses,Masur Dal,2024-11-07,123.3,Metric Tonnes,7100.0,Rs./Quintal,11,7100.0,7525.0,7552.5,122.9
Maharashtra,Mumbai,Pulses,Masur Dal,2024-11-08,83.1,Metric Tonnes,7100.0,Rs./Quintal,11,7100.0,7525.0,7538.333333333333,123.3
Maharashtra,Mumbai,Pulses,Masur Dal,2024-11-09,117.1,Metric Tonnes,7100.0,Rs./Quintal,11,7100.0,7100.0,7411.666666666667,83.1
Maharashtra,Mumbai,Pulses,Masur Dal,2024-11-11,138.2,Metric Tonnes,7100.0,Rs./Quintal,11,7100.0,7100.0,7397.5,117.1
Maharashtra,Mumbai,Pulses,Masur Dal,2024-11-12,96.8,Metric Tonnes,7100.0,Rs./Quintal,11,7100.0,7100.0,7383.333333333333,138.2
Maharashtra,Mumbai,Pulses,Masur Dal,2024-11-13,30.0,Metric Tonnes,7100.0,Rs./Quintal,11,7100.0,7100.0,7369.166666666667,96.8
Maharashtra,Mumbai,Pulses,Masur Dal,2024-11-14,124.4,Metric Tonnes,7100.0,Rs./Quintal,11,7100.0,7100.0,7355.0,30.0
Maharashtra,Mumbai,Pulses,Masur Dal,2024-11-15,87.1,Metric Tonnes,7100.0,Rs./Quintal,11,7100.0,7100.0,7340.833333333333,124.4
Maharashtra,Mumbai,Pulses,Masur Dal,2024-11-16,63.3,Metric Tonnes,7100.0,Rs./Quintal,11,7100.0,7100.0,7326.666666666667,87.1
Maharashtra,Mumbai,Pulses,Masur Dal,2024-11-18,118.2,Metric Tonnes,7100.0,Rs./Quintal,11,7100.0,7100.0,7312.5,63.3
Maharashtra,Mumbai,Pulses,Masur Dal,2024-11-19,177.8,Metric Tonnes,7100.0,Rs./Quintal,11,7100.0,7100.0,7298.333333333333,118.2
Maharashtra,Mumbai,Pulses,Masur Dal,2024-11-22,77.1,Metric Tonnes,7100.0,Rs./Quintal,11,7100.0,7100.0,7284.166666666667,177.8
Maharashtra,Mumbai,Pulses,Masur Dal,2024-11-23,51.6,Metric Tonnes,7100.0,Rs./Quintal,11,7100.0,7100.0,7270.0,77.1
Maharashtra,Mumbai,Pulses,Masur Dal,2024-11-25,145.0,Metric Tonnes,7100.0,Rs./Quintal,11,7100.0,7100.0,7255.833333333333,51.6
Maharashtra,Mumbai,Pulses,Masur Dal,2024-11-26,65.8,Metric Tonnes,7100.0,Rs./Quintal,11,7100.0,7100.0,7241.666666666667,145.0
Maharashtra,Mumbai,Pulses,Masur Dal,2024-11-27,66.1,Metric Tonnes,7200.0,Rs./Quintal,11,7100.0,7100.0,7230.833333333333,65.8
Maharashtra,Mumbai,Pulses,Masur Dal,2024-11-28,93.3,Metric Tonnes,7200.0,Rs./Quintal,11,7200.0,7100.0,7220.0,66.1
Maharashtra,Mumbai,Pulses,Masur Dal,2024-11-30,88.0,Metric Tonnes,7200.0,Rs./Quintal,11,7200.0,7100.0,7209.166666666667,93.3
Maharashtra,Mumbai,Pulses,Masur Dal,2024-12-02,163.5,Metric Tonnes,7200.0,Rs./Quintal,12,7200.0,7100.0,7198.333333333333,88.0
Maharashtra,Mumbai,Pulses,Masur Dal,2024-12-03,118.1,Metric Tonnes,7200.0,Rs./Quintal,12,7200.0,7100.0,7187.5,163.5
Maharashtra,Mumbai,Pulses,Masur Dal,2024-12-04,67.7,Metric Tonnes,7200.0,Rs./Quintal,12,7200.0,7100.0,7176.666666666667,118.1
Maharashtra,Mumbai,Pulses,Masur Dal,2024-12-05,123.5,Metric Tonnes,7200.0,Rs./Quintal,12,7200.0,7100.0,7165.833333333333,67.7
Maharashtra,Mumbai,Pulses,Masur Dal,2024-12-06,92.7,Metric Tonnes,7200.0,Rs./Quintal,12,7200.0,7200.0,7155.0,123.5
Maharashtra,Mumbai,Pulses,Masur Dal,2024-12-07,126.6,Metric Tonnes,7200.0,Rs./Quintal,12,7200.0,7200.0,7144.166666666667,92.7
Maharashtra,Mumbai,Pulses,Masur Dal,2024-12-09,76.5,Metric Tonnes,7200.0,Rs./Quintal,12,7200.0,7200.0,7133.333333333333,126.6
Maharashtra,Mumbai,Pulses,Masur Dal,2024-12-10,138.5,Metric Tonnes,7200.0,Rs./Quintal,12,7200.0,7200.0,7136.666666666667,76.5
Maharashtra,Mumbai,Pulses,Masur Dal,2024-12-11,83.3,Metric Tonnes,7200.0,Rs./Quintal,12,7200.0,7200.0,7140.0,138.5
Maharashtra,Mumbai,Pulses,Masur Dal,2024-12-12,83.6,Metric Tonnes,7200.0,Rs./Quintal,12,7200.0,7200.0,7143.333333333333,83.3
Maharashtra,Mumbai,Pulses,Masur Dal,2024-12-13,80.5,Metric Tonnes,7200.0,Rs./Quintal,12,7200.0,7200.0,7146.666666666667,83.6
Maharashtra,Mumbai,Pulses,Masur Dal,2024-12-14,172.9,Metric Tonnes,7200.0,Rs./Quintal,12,7200.0,7200.0,7150.0,80.5
Maharashtra,Mumbai,Pulses,Masur Dal,2024-12-18,119.5,Metric Tonnes,7200.0,Rs./Quintal,12,7200.0,7200.0,7153.333333333333,172.9
Maharashtra,Mumbai,Pulses,Masur Dal,2024-12-19,81.0,Metric Tonnes,7200.0,Rs./Quintal,12,7200.0,7200.0,7156.666666666667,119.5
Maharashtra,Mumbai,Pulses,Masur Dal,2024-12-20,65.0,Metric Tonnes,7200.0,Rs./Quintal,12,7200.0,7200.0,7160.0,81.0
Maharashtra,Mumbai,Pulses,Masur Dal,2024-12-21,134.6,Metric Tonnes,7200.0,Rs./Quintal,12,7200.0,7200.0,7163.333333333333,65.0
Maharashtra,Mumbai,Pulses,Masur Dal,2024-12-23,90.2,Metric Tonnes,7200.0,Rs./Quintal,12,7200.0,7200.0,7166.666666666667,134.6
Maharashtra,Mumbai,Pulses,Masur Dal,2024-12-24,90.8,Metric Tonnes,7200.0,Rs./Quintal,12,7200.0,7200.0,7170.0,90.2
Maharashtra,Mumbai,Pulses,Masur Dal,2024-12-26,96.5,Metric Tonnes,7200.0,Rs./Quintal,12,7200.0,7200.0,7173.333333333333,90.8
Maharashtra,Mumbai,Pulses,Masur Dal,2024-12-27,100.7,Metric Tonnes,7200.0,Rs./Quintal,12,7200.0,7200.0,7176.666666666667,96.5
Maharashtra,Mumbai,Pulses,Masur Dal,2024-12-28,123.6,Metric Tonnes,7200.0,Rs./Quintal,12,7200.0,7200.0,7180.0,100.7
Maharashtra,Mumbai,Pulses,Masur Dal,2024-12-30,113.6,Metric Tonnes,7200.0,Rs./Quintal,12,7200.0,7200.0,7183.333333333333,123.6
Maharashtra,Mumbai,Pulses,Masur Dal,2024-12-31,85.1,Metric Tonnes,7200.0,Rs./Quintal,12,7200.0,7200.0,7186.666666666667,113.6
Maharashtra,Mumbai,Pulses,Masur Dal,2025-01-01,102.4,Metric Tonnes,7200.0,Rs./Quintal,1,7200.0,7200.0,7190.0,85.1
Maharashtra,Mumbai,Pulses,Masur Dal,2025-01-02,70.5,Metric Tonnes,7200.0,Rs./Quintal,1,7200.0,7200.0,7193.333333333333,102.4
Maharashtra,Mumbai,Pulses,Masur Dal,2025-01-03,41.4,Metric Tonnes,7200.0,Rs./Quintal,1,7200.0,7200.0,7196.666666666667,70.5
Maharashtra,Mumbai,Pulses,Masur Dal,2025-01-04,50.8,Metric Tonnes,7200.0,Rs./Quintal,1,7200.0,7200.0,7200.0,41.4
Maharashtra,Mumbai,Pulses,Masur Dal,2025-01-06,90.7,Metric Tonnes,7200.0,Rs./Quintal,1,7200.0,7200.0,7200.0,50.8
Maharashtra,Mumbai,Pulses,Masur Dal,2025-01-07,61.0,Metric Tonnes,7200.0,Rs./Quintal,1,7200.0,7200.0,7200.0,90.7
Maharashtra,Mumbai,Pulses,Masur Dal,2025-01-08,24.7,Metric Tonnes,7200.0,Rs./Quintal,1,7200.0,7200.0,7200.0,61.0
Maharashtra,Mumbai,Pulses,Masur Dal,2025-01-10,92.2,Metric Tonnes,7200.0,Rs./Quintal,1,7200.0,7200.0,7200.0,24.7
Maharashtra,Mumbai,Pulses,Masur Dal,2025-01-11,69.3,Metric Tonnes,7200.0,Rs./Quintal,1,7200.0,7200.0,7200.0,92.2
Maharashtra,Mumbai,Pulses,Masur Dal,2025-01-13,117.5,Metric Tonnes,7200.0,Rs./Quintal,1,7200.0,7200.0,7200.0,69.3
Maharashtra,Mumbai,Pulses,Masur Dal,2025-01-14,74.7,Metric Tonnes,7200.0,Rs./Quintal,1,7200.0,7200.0,7200.0,117.5
Maharashtra,Mumbai,Pulses,Masur Dal,2025-01-15,88.6,Metric Tonnes,7200.0,Rs./Quintal,1,7200.0,7200.0,7200.0,74.7
Maharashtra,Mumbai,Pulses,Masur Dal,2025-01-16,51.3,Metric Tonnes,7200.0,Rs./Quintal,1,7200.0,7200.0,7200.0,88.6
Maharashtra,Mumbai,Pulses,Masur Dal,2025-01-17,61.7,Metric Tonnes,7200.0,Rs./Quintal,1,7200.0,7200.0,7200.0,51.3
Maharashtra,Mumbai,Pulses,Masur Dal,2025-01-18,39.8,Metric Tonnes,7200.0,Rs./Quintal,1,7200.0,7200.0,7200.0,61.7
Maharashtra,Mumbai,Pulses,Masur Dal,2025-01-20,114.5,Metric Tonnes,7200.0,Rs./Quintal,1,7200.0,7200.0,7200.0,39.8
Maharashtra,Mumbai,Pulses,Masur Dal,2025-01-21,57.8,Metric Tonnes,7700.0,Rs./Quintal,1,7200.0,7200.0,7216.666666666667,114.5
Maharashtra,Mumbai,Pulses,Masur Dal,2025-01-22,46.9,Metric Tonnes,7700.0,Rs./Quintal,1,7700.0,7200.0,7233.333333333333,57.8
Maharashtra,Mumbai,Pulses,Masur Dal,2025-01-23,67.7,Metric Tonnes,7700.0,Rs./Quintal,1,7700.0,7200.0,7250.0,46.9
Maharashtra,Mumbai,Pulses,Masur Dal,2025-01-24,59.8,Metric Tonnes,7700.0,Rs./Quintal,1,7700.0,7200.0,7266.666666666667,67.7
Maharashtra,Mumbai,Pulses,Masur Dal,2025-01-25,65.0,Metric Tonnes,7700.0,Rs./Quintal,1,7700.0,7200.0,7283.333333333333,59.8
Maharashtra,Mumbai,Pulses,Masur Dal,2025-01-27,93.9,Metric Tonnes,7700.0,Rs./Quintal,1,7700.0,7200.0,7300.0,65.0
Maharashtra,Mumbai,Pulses,Masur Dal,2025-01-28,111.5,Metric Tonnes,7700.0,Rs./Quintal,1,7700.0,7200.0,7316.666666666667,93.9
Maharashtra,Mumbai,Pulses,Masur Dal,2025-01-29,16.8,Metric Tonnes,7700.0,Rs./Quintal,1,7700.0,7700.0,7333.333333333333,111.5
Maharashtra,Mumbai,Pulses,Masur Dal,2025-01-30,64.4,Metric Tonnes,7700.0,Rs./Quintal,1,7700.0,7700.0,7350.0,16.8
Maharashtra,Mumbai,Pulses,Masur Dal,2025-01-31,47.1,Metric Tonnes,7700.0,Rs./Quintal,1,7700.0,7700.0,7366.666666666667,64.4
Maharashtra,Mumbai,Pulses,Masur Dal,2025-02-01,193.0,Metric Tonnes,7700.0,Rs./Quintal,2,7700.0,7700.0,7383.333333333333,47.1
Maharashtra,Mumbai,Pulses,Masur Dal,2025-02-03,147.8,Metric Tonnes,7700.0,Rs./Quintal,2,7700.0,7700.0,7400.0,193.0
Maharashtra,Mumbai,Pulses,Masur Dal,2025-02-04,77.7,Metric Tonnes,7700.0,Rs./Quintal,2,7700.0,7700.0,7416.666666666667,147.8
Maharashtra,Mumbai,Pulses,Masur Dal,2025-02-05,51.3,Metric Tonnes,7700.0,Rs./Quintal,2,7700.0,7700.0,7433.333333333333,77.7
Maharashtra,Mumbai,Pulses,Masur Dal,2025-02-06,85.3,Metric Tonnes,7700.0,Rs./Quintal,2,7700.0,7700.0,7450.0,51.3
Maharashtra,Mumbai,Pulses,Masur Dal,2025-02-07,100.3,Metric Tonnes,7700.0,Rs./Quintal,2,7700.0,7700.0,7466.666666666667,85.3
Maharashtra,Mumbai,Pulses,Masur Dal,2025-02-13,42.9,Metric Tonnes,7700.0,Rs./Quintal,2,7700.0,7700.0,7483.333333333333,100.3
Maharashtra,Mumbai,Pulses,Masur Dal,2025-02-14,79.8,Metric Tonnes,7700.0,Rs./Quintal,2,7700.0,7700.0,7500.0,42.9
Maharashtra,Mumbai,Pulses,Masur Dal,2025-02-15,41.7,Metric Tonnes,7700.0,Rs./Quintal,2,7700.0,7700.0,7516.666666666667,79.8
Maharashtra,Mumbai,Pulses,Masur Dal,2025-02-17,69.0,Metric Tonnes,7700.0,Rs./Quintal,2,7700.0,7700.0,7533.333333333333,41.7
Maharashtra,Mumbai,Pulses,Masur Dal,2025-02-18,97.8,Metric Tonnes,7700.0,Rs./Quintal,2,7700.0,7700.0,7550.0,69.0
Maharashtra,Mumbai,Pulses,Masur Dal,2025-02-20,99.5,Metric Tonnes,7700.0,Rs./Quintal,2,7700.0,7700.0,7566.666666666667,97.8
Maharashtra,Mumbai,Pulses,Masur Dal,2025-02-22,104.9,Metric Tonnes,8500.0,Rs./Quintal,2,7700.0,7700.0,7610.0,99.5
Maharashtra,Mumbai,Pulses,Masur Dal,2025-02-25,116.0,Metric Tonnes,7700.0,Rs./Quintal,2,8500.0,7700.0,7626.666666666667,104.9
Maharashtra,Mumbai,Pulses,Masur Dal,2025-02-27,80.1,Metric Tonnes,7700.0,Rs./Quintal,2,7700.0,7700.0,7643.333333333333,116.0
Maharashtra,Mumbai,Pulses,Masur Dal,2025-02-28,92.0,Metric Tonnes,7700.0,Rs./Quintal,2,7700.0,7700.0,7660.0,80.1
Maharashtra,Mumbai,Pulses,Masur Dal,2025-03-01,76.3,Metric Tonnes,7700.0,Rs./Quintal,3,7700.0,7700.0,7676.666666666667,92.0
Maharashtra,Mumbai,Pulses,Masur Dal,2025-03-03,113.2,Metric Tonnes,7700.0,Rs./Quintal,3,7700.0,7700.0,7693.333333333333,76.3
Maharashtra,Mumbai,Pulses,Masur Dal,2025-03-04,129.3,Metric Tonnes,7700.0,Rs./Quintal,3,7700.0,7700.0,7710.0,113.2
Maharashtra,Mumbai,Pulses,Masur Dal,2025-03-05,118.9,Metric Tonnes,7700.0,Rs./Quintal,3,7700.0,8500.0,7726.666666666667,129.3
Maharashtra,Mumbai,Pulses,Masur Dal,2025-03-06,66.0,Metric Tonnes,7700.0,Rs./Quintal,3,7700.0,7700.0,7726.666666666667,118.9
Maharashtra,Mumbai,Pulses,Masur Dal,2025-03-07,114.8,Metric Tonnes,7700.0,Rs./Quintal,3,7700.0,7700.0,7726.666666666667,66.0
Maharashtra,Mumbai,Pulses,Masur Dal,2025-03-08,137.8,Metric Tonnes,7700.0,Rs./Quintal,3,7700.0,7700.0,7726.666666666667,114.8
Maharashtra,Mumbai,Pulses,Masur Dal,2025-03-10,105.7,Metric Tonnes,7700.0,Rs./Quintal,3,7700.0,7700.0,7726.666666666667,137.8
Maharashtra,Mumbai,Pulses,Masur Dal,2025-03-11,95.4,Metric Tonnes,7700.0,Rs./Quintal,3,7700.0,7700.0,7726.666666666667,105.7
Maharashtra,Mumbai,Pulses,Masur Dal,2025-03-12,72.5,Metric Tonnes,7700.0,Rs./Quintal,3,7700.0,7700.0,7726.666666666667,95.4
Maharashtra,Mumbai,Pulses,Masur Dal,2025-03-13,67.1,Metric Tonnes,7700.0,Rs./Quintal,3,7700.0,7700.0,7726.666666666667,72.5
Maharashtra,Mumbai,Pulses,Masur Dal,2025-03-15,48.0,Metric Tonnes,7700.0,Rs./Quintal,3,7700.0,7700.0,7726.666666666667,67.1
Maharashtra,Mumbai,Pulses,Masur Dal,2025-03-17,80.8,Metric Tonnes,7700.0,Rs./Quintal,3,7700.0,7700.0,7726.666666666667,48.0
Maharashtra,Mumbai,Pulses,Masur Dal,2025-03-18,140.1,Metric Tonnes,7700.0,Rs./Quintal,3,7700.0,7700.0,7726.666666666667,80.8
Maharashtra,Mumbai,Pulses,Masur Dal,2025-03-19,69.2,Metric Tonnes,7700.0,Rs./Quintal,3,7700.0,7700.0,7726.666666666667,140.1
Maharashtra,Mumbai,Pulses,Masur Dal,2025-03-20,71.8,Metric Tonnes,7700.0,Rs./Quintal,3,7700.0,7700.0,7726.666666666667,69.2
Maharashtra,Mumbai,Pulses,Masur Dal,2025-03-21,53.3,Metric Tonnes,7700.0,Rs./Quintal,3,7700.0,7700.0,7726.666666666667,71.8
Maharashtra,Mumbai,Pulses,Masur Dal,2025-03-24,105.4,Metric Tonnes,7700.0,Rs./Quintal,3,7700.0,7700.0,7726.666666666667,53.3
Maharashtra,Mumbai,Pulses,Masur Dal,2025-03-25,84.4,Metric Tonnes,7700.0,Rs./Quintal,3,7700.0,7700.0,7726.666666666667,105.4
Maharashtra,Mumbai,Pulses,Masur Dal,2025-03-26,101.0,Metric Tonnes,7700.0,Rs./Quintal,3,7700.0,7700.0,7726.666666666667,84.4
Maharashtra,Mumbai,Pulses,Masur Dal,2025-03-27,83.2,Metric Tonnes,7700.0,Rs./Quintal,3,7700.0,7700.0,7726.666666666667,101.0
Maharashtra,Mumbai,Pulses,Masur Dal,2025-03-28,49.9,Metric Tonnes,7700.0,Rs./Quintal,3,7700.0,7700.0,7726.666666666667,83.2
Maharashtra,Mumbai,Pulses,Masur Dal,2025-03-31,38.7,Metric Tonnes,7700.0,Rs./Quintal,3,7700.0,7700.0,7726.666666666667,49.9
Maharashtra,Mumbai,Pulses,Masur Dal,2025-04-01,38.4,Metric Tonnes,7700.0,Rs./Quintal,4,7700.0,7700.0,7726.666666666667,38.7
Maharashtra,Mumbai,Pulses,Masur Dal,2025-04-02,68.7,Metric Tonnes,7700.0,Rs./Quintal,4,7700.0,7700.0,7726.666666666667,38.4
Maharashtra,Mumbai,Pulses,Masur Dal,2025-04-03,33.0,Metric Tonnes,7700.0,Rs./Quintal,4,7700.0,7700.0,7726.666666666667,68.7
Maharashtra,Mumbai,Pulses,Masur Dal,2025-04-04,34.5,Metric Tonnes,7700.0,Rs./Quintal,4,7700.0,7700.0,7700.0,33.0
Maharashtra,Mumbai,Pulses,Masur Dal,2025-04-05,40.5,Metric Tonnes,7700.0,Rs./Quintal,4,7700.0,7700.0,7700.0,34.5
Maharashtra,Mumbai,Pulses,Masur Dal,2025-04-07,65.6,Metric Tonnes,7700.0,Rs./Quintal,4,7700.0,7700.0,7700.0,40.5
Maharashtra,Mumbai,Pulses,Masur Dal,2025-04-08,54.2,Metric Tonnes,7700.0,Rs./Quintal,4,7700.0,7700.0,7700.0,65.6
Maharashtra,Mumbai,Pulses,Masur Dal,2025-04-09,66.8,Metric Tonnes,7700.0,Rs./Quintal,4,7700.0,7700.0,7700.0,54.2
Maharashtra,Mumbai,Pulses,Masur Dal,2025-04-10,31.4,Metric Tonnes,7700.0,Rs./Quintal,4,7700.0,7700.0,7700.0,66.8
Maharashtra,Mumbai,Pulses,Masur Dal,2025-04-11,42.1,Metric Tonnes,7700.0,Rs./Quintal,4,7700.0,7700.0,7700.0,31.4
Maharashtra,Mumbai,Pulses,Masur Dal,2025-04-15,43.2,Metric Tonnes,7700.0,Rs./Quintal,4,7700.0,7700.0,7700.0,42.1
Maharashtra,Mumbai,Pulses,Masur Dal,2025-04-16,52.4,Metric Tonnes,7700.0,Rs./Quintal,4,7700.0,7700.0,7700.0,43.2
Maharashtra,Mumbai,Pulses,Masur Dal,2025-04-17,63.1,Metric Tonnes,7700.0,Rs./Quintal,4,7700.0,7700.0,7700.0,52.4
Maharashtra,Mumbai,Pulses,Masur Dal,2025-04-18,25.7,Metric Tonnes,7700.0,Rs./Quintal,4,7700.0,7700.0,7700.0,63.1
Maharashtra,Mumbai,Pulses,Masur Dal,2025-04-19,90.0,Metric Tonnes,7700.0,Rs./Quintal,4,7700.0,7700.0,7700.0,25.7
Maharashtra,Mumbai,Pulses,Masur Dal,2025-04-21,52.8,Metric Tonnes,7700.0,Rs./Quintal,4,7700.0,7700.0,7700.0,90.0
Maharashtra,Mumbai,Pulses,Masur Dal,2025-04-22,36.1,Metric Tonnes,7700.0,Rs./Quintal,4,7700.0,7700.0,7700.0,52.8
Maharashtra,Mumbai,Pulses,Masur Dal,2025-04-23,11.3,Metric Tonnes,7700.0,Rs./Quintal,4,7700.0,7700.0,7700.0,36.1
Maharashtra,Mumbai,Pulses,Masur Dal,2025-04-24,56.5,Metric Tonnes,7700.0,Rs./Quintal,4,7700.0,7700.0,7700.0,11.3
Maharashtra,Mumbai,Pulses,Masur Dal,2025-04-25,46.7,Metric Tonnes,7700.0,Rs./Quintal,4,7700.0,7700.0,7700.0,56.5
Maharashtra,Mumbai,Pulses,Masur Dal,2025-04-26,22.8,Metric Tonnes,7700.0,Rs./Quintal,4,7700.0,7700.0,7700.0,46.7
Maharashtra,Mumbai,Pulses,Masur Dal,2025-04-28,56.4,Metric Tonnes,7700.0,Rs./Quintal,4,7700.0,7700.0,7700.0,22.8
Maharashtra,Mumbai,Pulses,Masur Dal,2025-04-29,19.4,Metric Tonnes,7700.0,Rs./Quintal,4,7700.0,7700.0,7700.0,56.4
Maharashtra,Mumbai,Pulses,Masur Dal,2025-04-30,60.6,Metric Tonnes,7700.0,Rs./Quintal,4,7700.0,7700.0,7700.0,19.4
Maharashtra,Mumbai,Pulses,Masur Dal,2025-05-02,63.4,Metric Tonnes,7700.0,Rs./Quintal,5,7700.0,7700.0,7700.0,60.6
Maharashtra,Mumbai,Pulses,Masur Dal,2025-05-03,84.2,Metric Tonnes,7700.0,Rs./Quintal,5,7700.0,7700.0,7700.0,63.4
Maharashtra,Mumbai,Pulses,Masur Dal,2025-05-05,81.4,Metric Tonnes,7700.0,Rs./Quintal,5,7700.0,7700.0,7700.0,84.2
Maharashtra,Mumbai,Pulses,Masur Dal,2025-05-06,113.7,Metric Tonnes,7700.0,Rs./Quintal,5,7700.0,7700.0,7700.0,81.4
Maharashtra,Mumbai,Pulses,Masur Dal,2025-05-07,61.3,Metric Tonnes,7700.0,Rs./Quintal,5,7700.0,7700.0,7700.0,113.7
Maharashtra,Mumbai,Pulses,Masur Dal,2025-05-08,97.7,Metric Tonnes,7700.0,Rs./Quintal,5,7700.0,7700.0,7700.0,61.3
Maharashtra,Mumbai,Pulses,Masur Dal,2025-05-09,107.5,Metric Tonnes,7700.0,Rs./Quintal,5,7700.0,7700.0,7700.0,97.7
Maharashtra,Mumbai,Pulses,Masur Dal,2025-05-12,97.2,Metric Tonnes,7700.0,Rs./Quintal,5,7700.0,7700.0,7700.0,107.5
Maharashtra,Mumbai,Pulses,Masur Dal,2025-05-13,115.7,Metric Tonnes,7700.0,Rs./Quintal,5,7700.0,7700.0,7700.0,97.2
Maharashtra,Mumbai,Pulses,Masur Dal,2025-05-15,62.6,Metric Tonnes,7700.0,Rs./Quintal,5,7700.0,7700.0,7700.0,115.7
Maharashtra,Mumbai,Pulses,Masur Dal,2025-05-16,34.3,Metric Tonnes,7700.0,Rs./Quintal,5,7700.0,7700.0,7700.0,62.6
Maharashtra,Mumbai,Pulses,Masur Dal,2025-05-17,20.2,Metric Tonnes,7700.0,Rs./Quintal,5,7700.0,7700.0,7700.0,34.3
Maharashtra,Mumbai,Pulses,Masur Dal,2025-05-19,75.1,Metric Tonnes,7700.0,Rs./Quintal,5,7700.0,7700.0,7700.0,20.2
Maharashtra,Mumbai,Pulses,Masur Dal,2025-05-20,75.8,Metric Tonnes,7700.0,Rs./Quintal,5,7700.0,7700.0,7700.0,75.1
Maharashtra,Mumbai,Pulses,Masur Dal,2025-05-21,17.4,Metric Tonnes,7700.0,Rs./Quintal,5,7700.0,7700.0,7700.0,75.8
Maharashtra,Mumbai,Pulses,Masur Dal,2025-05-22,18.3,Metric Tonnes,7700.0,Rs./Quintal,5,7700.0,7700.0,7700.0,17.4
Maharashtra,Mumbai,Pulses,Masur Dal,2025-05-23,39.3,Metric Tonnes,7700.0,Rs./Quintal,5,7700.0,7700.0,7700.0,18.3
Maharashtra,Mumbai,Pulses,Masur Dal,2025-05-24,34.0,Metric Tonnes,7700.0,Rs./Quintal,5,7700.0,7700.0,7700.0,39.3
Maharashtra,Mumbai,Pulses,Masur Dal,2025-05-26,115.6,Metric Tonnes,7700.0,Rs./Quintal,5,7700.0,7700.0,7700.0,34.0
Maharashtra,Mumbai,Pulses,Masur Dal,2025-05-27,60.7,Metric Tonnes,7600.0,Rs./Quintal,5,7700.0,7700.0,7696.666666666667,115.6
Maharashtra,Mumbai,Pulses,Masur Dal,2025-05-28,49.0,Metric Tonnes,7500.0,Rs./Quintal,5,7600.0,7700.0,7690.0,60.7
Maharashtra,Mumbai,Pulses,Masur Dal,2025-05-30,77.1,Metric Tonnes,7600.0,Rs./Quintal,5,7500.0,7700.0,7686.666666666667,49.0
Maharashtra,Mumbai,Pulses,Masur Dal,2025-05-31,31.8,Metric Tonnes,7600.0,Rs./Quintal,5,7600.0,7700.0,7683.333333333333,77.1
Maharashtra,Mumbai,Pulses,Masur Dal,2025-06-02,112.5,Metric Tonnes,7600.0,Rs./Quintal,6,7600.0,7700.0,7680.0,31.8
Maharashtra,Mumbai,Pulses,Masur Dal,2025-06-03,20.3,Metric Tonnes,7600.0,Rs./Quintal,6,7600.0,7700.0,7676.666666666667,112.5
Maharashtra,Mumbai,Pulses,Masur Dal,2025-06-04,110.0,Metric Tonnes,7600.0,Rs./Quintal,6,7600.0,7700.0,7673.333333333333,20.3
Maharashtra,Mumbai,Pulses,Masur Dal,2025-06-05,62.4,Metric Tonnes,7600.0,Rs./Quintal,6,7600.0,7600.0,7670.0,110.0
Maharashtra,Mumbai,Pulses,Masur Dal,2025-06-06,112.1,Metric Tonnes,7500.0,Rs./Quintal,6,7600.0,7500.0,7663.333333333333,62.4
Maharashtra,Mumbai,Pulses,Masur Dal,2025-06-07,95.5,Metric Tonnes,7600.0,Rs./Quintal,6,7500.0,7600.0,7660.0,112.1
Maharashtra,Mumbai,Pulses,Masur Dal,2025-06-09,145.9,Metric Tonnes,7600.0,Rs./Quintal,6,7600.0,7600.0,7656.666666666667,95.5
Maharashtra,Mumbai,Pulses,Masur Dal,2025-06-10,73.9,Metric Tonnes,7600.0,Rs./Quintal,6,7600.0,7600.0,7653.333333333333,145.9
Maharashtra,Mumbai,Pulses,Masur Dal,2025-06-11,89.2,Metric Tonnes,7600.0,Rs./Quintal,6,7600.0,7600.0,7650.0,73.9
Maharashtra,Mumbai,Pulses,Masur Dal,2025-06-12,41.7,Metric Tonnes,8300.0,Rs./Quintal,6,7600.0,7600.0,7670.0,89.2
Maharashtra,Mumbai,Pulses,Masur Dal,2025-06-13,45.3,Metric Tonnes,8300.0,Rs./Quintal,6,8300.0,7600.0,7690.0,41.7
Maharashtra,Mumbai,Pulses,Masur Dal,2025-06-14,120.4,Metric Tonnes,8300.0,Rs./Quintal,6,8300.0,7500.0,7710.0,45.3
Maharashtra,Mumbai,Pulses,Masur Dal,2025-06-16,195.8,Metric Tonnes,8300.0,Rs./Quintal,6,8300.0,7600.0,7730.0,120.4
Maharashtra,Mumbai,Pulses,Masur Dal,2025-06-17,60.3,Metric Tonnes,8300.0,Rs./Quintal,6,8300.0,7600.0,7750.0,195.8
Maharashtra,Mumbai,Pulses,Masur Dal,2025-06-18,78.6,Metric Tonnes,8300.0,Rs./Quintal,6,8300.0,7600.0,7770.0,60.3
Maharashtra,Mumbai,Pulses,Masur Dal,2025-06-19,61.0,Metric Tonnes,8300.0,Rs./Quintal,6,8300.0,7600.0,7790.0,78.6
Maharashtra,Mumbai,Pulses,Masur Dal,2025-06-20,43.3,Metric Tonnes,8300.0,Rs./Quintal,6,8300.0,8300.0,7810.0,61.0
Maharashtra,Mumbai,Pulses,Masur Dal,2025-06-23,64.6,Metric Tonnes,8300.0,Rs./Quintal,6,8300.0,8300.0,7830.0,43.3
Maharashtra,Mumbai,Pulses,Masur Dal,2025-06-24,92.4,Metric Tonnes,7700.0,Rs./Quintal,6,8300.0,8300.0,7830.0,64.6
Maharashtra,Mumbai,Pulses,Masur Dal,2025-06-25,52.5,Metric Tonnes,8300.0,Rs./Quintal,6,7700.0,8300.0,7850.0,92.4
Maharashtra,Mumbai,Pulses,Masur Dal,2025-06-26,80.1,Metric Tonnes,8300.0,Rs./Quintal,6,8300.0,8300.0,7870.0,52.5
Maharashtra,Mumbai,Pulses,Masur Dal,2025-06-27,43.5,Metric Tonnes,8300.0,Rs./Quintal,6,8300.0,8300.0,7890.0,80.1
Maharashtra,Mumbai,Pulses,Masur Dal,2025-06-28,49.6,Metric Tonnes,8300.0,Rs./Quintal,6,8300.0,8300.0,7910.0,43.5
Maharashtra,Mumbai,Pulses,Masur Dal,2025-07-01,98.2,Metric Tonnes,8300.0,Rs./Quintal,7,8300.0,8300.0,7930.0,49.6
Maharashtra,Mumbai,Pulses,Masur Dal,2025-07-03,58.5,Metric Tonnes,8300.0,Rs./Quintal,7,8300.0,8300.0,7950.0,98.2
Maharashtra,Mumbai,Pulses,Masur Dal,2025-07-04,38.4,Metric Tonnes,8300.0,Rs./Quintal,7,8300.0,7700.0,7970.0,58.5
Maharashtra,Mumbai,Pulses,Masur Dal,2025-07-08,98.8,Metric Tonnes,8300.0,Rs./Quintal,7,8300.0,8300.0,7993.333333333333,38.4
Maharashtra,Mumbai,Pulses,Masur Dal,2025-07-09,52.8,Metric Tonnes,8300.0,Rs./Quintal,7,8300.0,8300.0,8020.0,98.8
Maharashtra,Mumbai,Pulses,Masur Dal,2025-07-10,56.5,Metric Tonnes,8300.0,Rs./Quintal,7,8300.0,8300.0,8043.333333333333,52.8
Maharashtra,Mumbai,Pulses,Masur Dal,2025-07-11,18.0,Metric Tonnes,8300.0,Rs./Quintal,7,8300.0,8300.0,8066.666666666667,56.5
Maharashtra,Mumbai,Pulses,Masur Dal,2025-07-12,38.8,Metric Tonnes,8300.0,Rs./Quintal,7,8300.0,8300.0,8090.0,18.0
Maharashtra,Mumbai,Pulses,Masur Dal,2025-07-14,22.4,Metric Tonnes,8300.0,Rs./Quintal,7,8300.0,8300.0,8113.333333333333,38.8
Maharashtra,Mumbai,Pulses,Masur Dal,2025-07-15,94.2,Metric Tonnes,8300.0,Rs./Quintal,7,8300.0,8300.0,8136.666666666667,22.4
Maharashtra,Mumbai,Pulses,Masur Dal,2025-07-16,52.8,Metric Tonnes,8300.0,Rs./Quintal,7,8300.0,8300.0,8160.0,94.2
Maharashtra,Mumbai,Pulses,Masur Dal,2025-07-17,36.1,Metric Tonnes,8300.0,Rs./Quintal,7,8300.0,8300.0,8186.666666666667,52.8
Maharashtra,Mumbai,Pulses,Masur Dal,2025-07-18,55.3,Metric Tonnes,8300.0,Rs./Quintal,7,8300.0,8300.0,8210.0,36.1
Maharashtra,Mumbai,Pulses,Masur Dal,2025-07-19,27.4,Metric Tonnes,8300.0,Rs./Quintal,7,8300.0,8300.0,8233.333333333334,55.3
Maharashtra,Mumbai,Pulses,Masur Dal,2025-07-21,79.5,Metric Tonnes,8300.0,Rs./Quintal,7,8300.0,8300.0,8256.666666666666,27.4
Maharashtra,Mumbai,Pulses,Masur Dal,2025-07-22,88.1,Metric Tonnes,8300.0,Rs./Quintal,7,8300.0,8300.0,8280.0,79.5
Maharashtra,Mumbai,Pulses,Masur Dal,2025-07-23,33.4,Metric Tonnes,8300.0,Rs./Quintal,7,8300.0,8300.0,8280.0,88.1
Maharashtra,Mumbai,Pulses,Masur Dal,2025-07-24,47.7,Metric Tonnes,8300.0,Rs./Quintal,7,8300.0,8300.0,8280.0,33.4
Maharashtra,Mumbai,Pulses,Masur Dal,2025-07-25,25.3,Metric Tonnes,8300.0,Rs./Quintal,7,8300.0,8300.0,8280.0,47.7
Maharashtra,Mumbai,Pulses,Masur Dal,2025-07-26,49.0,Metric Tonnes,8300.0,Rs./Quintal,7,8300.0,8300.0,8280.0,25.3
Maharashtra,Mumbai,Pulses,Masur Dal,2025-07-28,34.0,Metric Tonnes,8300.0,Rs./Quintal,7,8300.0,8300.0,8280.0,49.0
Maharashtra,Mumbai,Pulses,Masur Dal,2025-07-29,86.0,Metric Tonnes,8300.0,Rs./Quintal,7,8300.0,8300.0,8280.0,34.0
Maharashtra,Mumbai,Pulses,Masur Dal,2025-07-30,73.0,Metric Tonnes,8200.0,Rs./Quintal,7,8300.0,8300.0,8276.666666666666,86.0
Maharashtra,Mumbai,Pulses,Masur Dal,2025-07-31,94.6,Metric Tonnes,8200.0,Rs./Quintal,7,8200.0,8300.0,8273.333333333334,73.0
Maharashtra,Mumbai,Pulses,Masur Dal,2025-08-01,81.3,Metric Tonnes,8200.0,Rs./Quintal,8,8200.0,8300.0,8270.0,94.6
Maharashtra,Mumbai,Pulses,Masur Dal,2025-08-02,20.4,Metric Tonnes,8200.0,Rs./Quintal,8,8200.0,8300.0,8286.666666666666,81.3
Maharashtra,Mumbai,Pulses,Masur Dal,2025-08-04,95.5,Metric Tonnes,8200.0,Rs./Quintal,8,8200.0,8300.0,8283.333333333334,20.4
Maharashtra,Mumbai,Pulses,Masur Dal,2025-08-05,39.3,Metric Tonnes,8200.0,Rs./Quintal,8,8200.0,8300.0,8280.0,95.5
Maharashtra,Mumbai,Pulses,Masur Dal,2025-08-06,81.3,Metric Tonnes,8200.0,Rs./Quintal,8,8200.0,8300.0,8276.666666666666,39.3
Maharashtra,Mumbai,Pulses,Masur Dal,2025-08-07,44.9,Metric Tonnes,8200.0,Rs./Quintal,8,8200.0,8200.0,8273.333333333334,81.3
Maharashtra,Mumbai,Pulses,Masur Dal,2025-08-08,78.6,Metric Tonnes,8200.0,Rs./Quintal,8,8200.0,8200.0,8270.0,44.9
Maharashtra,Mumbai,Pulses,Masur Dal,2025-08-11,53.9,Metric Tonnes,8200.0,Rs./Quintal,8,8200.0,8200.0,8266.666666666666,78.6
Maharashtra,Mumbai,Pulses,Masur Dal,2025-08-12,114.1,Metric Tonnes,8200.0,Rs./Quintal,8,8200.0,8200.0,8263.333333333334,53.9
Maharashtra,Mumbai,Pulses,Masur Dal,2025-08-13,156.6,Metric Tonnes,8200.0,Rs./Quintal,8,8200.0,8200.0,8260.0,114.1
Maharashtra,Mumbai,Pulses,Masur Dal,2025-08-14,35.7,Metric Tonnes,8200.0,Rs./Quintal,8,8200.0,8200.0,8256.666666666666,156.6
Maharashtra,Mumbai,Pulses,Masur Dal,2025-08-18,167.0,Metric Tonnes,8200.0,Rs./Quintal,8,8200.0,8200.0,8253.333333333334,35.7
Maharashtra,Mumbai,Pulses,Masur Dal,2025-08-19,52.6,Metric Tonnes,8200.0,Rs./Quintal,8,8200.0,8200.0,8250.0,167.0
Maharashtra,Mumbai,Pulses,Masur Dal,2025-08-21,31.8,Metric Tonnes,8200.0,Rs./Quintal,8,8200.0,8200.0,8246.666666666666,52.6
Maharashtra,Mumbai,Pulses,Masur Dal,2025-08-22,115.7,Metric Tonnes,8200.0,Rs./Quintal,8,8200.0,8200.0,8243.333333333334,31.8
Maharashtra,Mumbai,Pulses,Masur Dal,2025-08-23,68.7,Metric Tonnes,8200.0,Rs./Quintal,8,8200.0,8200.0,8240.0,115.7
Maharashtra,Mumbai,Pulses,Masur Dal,2025-08-25,202.0,Metric Tonnes,8200.0,Rs./Quintal,8,8200.0,8200.0,8236.666666666666,68.7
Maharashtra,Mumbai,Pulses,Masur Dal,2025-08-26,59.0,Metric Tonnes,8200.0,Rs./Quintal,8,8200.0,8200.0,8233.333333333334,202.0
Maharashtra,Mumbai,Pulses,Masur Dal,2025-08-28,50.9,Metric Tonnes,8200.0,Rs./Quintal,8,8200.0,8200.0,8230.0,59.0
Maharashtra,Mumbai,Pulses,Masur Dal,2025-08-29,36.6,Metric Tonnes,8200.0,Rs./Quintal,8,8200.0,8200.0,8226.666666666666,50.9
Maharashtra,Mumbai,Pulses,Masur Dal,2025-08-30,94.6,Metric Tonnes,8200.0,Rs./Quintal,8,8200.0,8200.0,8223.333333333334,36.6
Maharashtra,Mumbai,Pulses,Masur Dal,2025-09-01,60.1,Metric Tonnes,8200.0,Rs./Quintal,9,8200.0,8200.0,8220.0,94.6
Maharashtra,Mumbai,Pulses,Masur Dal,2025-09-02,52.5,Metric Tonnes,8200.0,Rs./Quintal,9,8200.0,8200.0,8216.666666666666,60.1
Maharashtra,Mumbai,Pulses,Masur Dal,2025-09-03,67.9,Metric Tonnes,8200.0,Rs./Quintal,9,8200.0,8200.0,8213.333333333334,52.5
Maharashtra,Mumbai,Pulses,Masur Dal,2025-09-04,80.5,Metric Tonnes,8200.0,Rs./Quintal,9,8200.0,8200.0,8210.0,67.9
Maharashtra,Mumbai,Pulses,Masur Dal,2025-09-05,103.5,Metric Tonnes,8200.0,Rs./Quintal,9,8200.0,8200.0,8206.666666666666,80.5
Maharashtra,Mumbai,Pulses,Masur Dal,2025-09-08,162.6,Metric Tonnes,8200.0,Rs./Quintal,9,8200.0,8200.0,8203.333333333334,103.5
Maharashtra,Mumbai,Pulses,Masur Dal,2025-09-09,84.9,Metric Tonnes,8200.0,Rs./Quintal,9,8200.0,8200.0,8200.0,162.6
Maharashtra,Mumbai,Pulses,Masur Dal,2025-09-10,60.0,Metric Tonnes,8200.0,Rs./Quintal,9,8200.0,8200.0,8200.0,84.9
Maharashtra,Mumbai,Pulses,Masur Dal,2025-09-11,85.0,Metric Tonnes,8200.0,Rs./Quintal,9,8200.0,8200.0,8200.0,60.0
Maharashtra,Mumbai,Pulses,Masur Dal,2025-09-12,45.9,Metric Tonnes,8200.0,Rs./Quintal,9,8200.0,8200.0,8200.0,85.0
Maharashtra,Mumbai,Pulses,Masur Dal,2025-09-13,48.4,Metric Tonnes,8200.0,Rs./Quintal,9,8200.0,8200.0,8200.0,45.9
Maharashtra,Mumbai,Pulses,Masur Dal,2025-09-15,52.1,Metric Tonnes,8200.0,Rs./Quintal,9,8200.0,8200.0,8200.0,48.4
Maharashtra,Mumbai,Pulses,Masur Dal,2025-09-16,86.0,Metric Tonnes,8200.0,Rs./Quintal,9,8200.0,8200.0,8200.0,52.1
Maharashtra,Mumbai,Pulses,Masur Dal,2025-09-17,98.6,Metric Tonnes,8200.0,Rs./Quintal,9,8200.0,8200.0,8200.0,86.0
Maharashtra,Mumbai,Pulses,Masur Dal,2025-09-18,96.6,Metric Tonnes,8200.0,Rs./Quintal,9,8200.0,8200.0,8200.0,98.6
Maharashtra,Mumbai,Pulses,Masur Dal,2025-09-19,75.6,Metric Tonnes,8200.0,Rs./Quintal,9,8200.0,8200.0,8200.0,96.6
Maharashtra,Mumbai,Pulses,Masur Dal,2025-09-20,50.8,Metric Tonnes,8200.0,Rs./Quintal,9,8200.0,8200.0,8200.0,75.6
Maharashtra,Mumbai,Pulses,Masur Dal,2025-09-23,54.5,Metric Tonnes,8200.0,Rs./Quintal,9,8200.0,8200.0,8200.0,50.8
Maharashtra,Mumbai,Pulses,Masur Dal,2025-09-24,49.1,Metric Tonnes,8200.0,Rs./Quintal,9,8200.0,8200.0,8200.0,54.5
Maharashtra,Mumbai,Pulses,Masur Dal,2025-09-26,106.4,Metric Tonnes,8200.0,Rs./Quintal,9,8200.0,8200.0,8200.0,49.1
Maharashtra,Mumbai,Pulses,Masur Dal,2025-09-27,13.5,Metric Tonnes,8200.0,Rs./Quintal,9,8200.0,8200.0,8200.0,106.4
Maharashtra,Mumbai,Pulses,Masur Dal,2025-09-29,107.0,Metric Tonnes,8200.0,Rs./Quintal,9,8200.0,8200.0,8200.0,13.5
Maharashtra,Mumbai,Pulses,Masur Dal,2025-09-30,95.3,Metric Tonnes,8200.0,Rs./Quintal,9,8200.0,8200.0,8200.0,107.0
Maharashtra,Mumbai,Pulses,Masur Dal,2025-10-01,44.4,Metric Tonnes,8200.0,Rs./Quintal,10,8200.0,8200.0,8200.0,95.3
Maharashtra,Mumbai,Pulses,Masur Dal,2025-10-03,79.0,Metric Tonnes,8200.0,Rs./Quintal,10,8200.0,8200.0,8200.0,44.4
Maharashtra,Mumbai,Pulses,Masur Dal,2025-10-06,50.2,Metric Tonnes,8200.0,Rs./Quintal,10,8200.0,8200.0,8200.0,79.0
Maharashtra,Mumbai,Pulses,Masur Dal,2025-10-07,73.1,Metric Tonnes,8200.0,Rs./Quintal,10,8200.0,8200.0,8200.0,50.2
Maharashtra,Mumbai,Pulses,Masur Dal,2025-10-08,44.4,Metric Tonnes,8200.0,Rs./Quintal,10,8200.0,8200.0,8200.0,73.1
Maharashtra,Mumbai,Pulses,Masur Dal,2025-10-09,101.8,Metric Tonnes,8200.0,Rs./Quintal,10,8200.0,8200.0,8200.0,44.4
Maharashtra,Mumbai,Pulses,Masur Dal,2025-10-11,93.4,Metric Tonnes,8200.0,Rs./Quintal,10,8200.0,8200.0,8200.0,101.8
Maharashtra,Mumbai,Pulses,Masur Dal,2025-10-13,775.0,Metric Tonnes,8200.0,Rs./Quintal,10,8200.0,8200.0,8200.0,93.4
Maharashtra,Mumbai,Pulses,Masur Dal,2025-10-14,103.0,Metric Tonnes,8200.0,Rs./Quintal,10,8200.0,8200.0,8200.0,775.0
Maharashtra,Mumbai,Pulses,Masur Dal,2025-10-15,59.8,Metric Tonnes,8200.0,Rs./Quintal,10,8200.0,8200.0,8200.0,103.0
Maharashtra,Mumbai,Pulses,Masur Dal,2025-10-16,103.0,Metric Tonnes,8200.0,Rs./Quintal,10,8200.0,8200.0,8200.0,59.8
Maharashtra,Mumbai,Pulses,Masur Dal,2025-10-17,68.7,Metric Tonnes,8200.0,Rs./Quintal,10,8200.0,8200.0,8200.0,103.0
Maharashtra,Mumbai,Pulses,Masur Dal,2025-10-25,31.0,Metric Tonnes,8200.0,Rs./Quintal,10,8200.0,8200.0,8200.0,68.7
Maharashtra,Mumbai,Pulses,Masur Dal,2025-10-27,84.3,Metric Tonnes,8200.0,Rs./Quintal,10,8200.0,8200.0,8200.0,31.0
Maharashtra,Mumbai,Pulses,Masur Dal,2025-10-28,103.5,Metric Tonnes,8200.0,Rs./Quintal,10,8200.0,8200.0,8200.0,84.3
Maharashtra,Mumbai,Pulses,Masur Dal,2025-10-29,61.9,Metric Tonnes,8200.0,Rs./Quintal,10,8200.0,8200.0,8200.0,103.5
Maharashtra,Mumbai,Pulses,Masur Dal,2025-10-30,73.5,Metric Tonnes,8200.0,Rs./Quintal,10,8200.0,8200.0,8200.0,61.9
Maharashtra,Mumbai,Pulses,Masur Dal,2025-10-31,60.7,Metric Tonnes,8200.0,Rs./Quintal,10,8200.0,8200.0,8200.0,73.5
Maharashtra,Mumbai,Pulses,Masur Dal,2025-11-01,87.5,Metric Tonnes,8200.0,Rs./Quintal,11,8200.0,8200.0,8200.0,60.7
Maharashtra,Mumbai,Pulses,Masur Dal,2025-11-03,87.0,Metric Tonnes,8200.0,Rs./Quintal,11,8200.0,8200.0,8200.0,87.5
Maharashtra,Mumbai,Pulses,Masur Dal,2025-11-04,78.3,Metric Tonnes,8200.0,Rs./Quintal,11,8200.0,8200.0,8200.0,87.0
Maharashtra,Mumbai,Pulses,Masur Dal,2025-11-10,60.6,Metric Tonnes,8200.0,Rs./Quintal,11,8200.0,8200.0,8200.0,78.3
Maharashtra,Mumbai,Pulses,Masur Dal,2025-11-11,60.4,Metric Tonnes,8200.0,Rs./Quintal,11,8200.0,8200.0,8200.0,60.6
Maharashtra,Mumbai,Pulses,Masur Dal,2025-11-12,44.1,Metric Tonnes,8200.0,Rs./Quintal,11,8200.0,8200.0,8200.0,60.4
Maharashtra,Mumbai,Pulses,Masur Dal,2025-11-13,57.6,Metric Tonnes,8200.0,Rs./Quintal,11,8200.0,8200.0,8200.0,44.1
Maharashtra,Mumbai,Pulses,Masur Dal,2025-11-14,63.9,Metric Tonnes,8200.0,Rs./Quintal,11,8200.0,8200.0,8200.0,57.6
Maharashtra,Mumbai,Pulses,Masur Dal,2025-11-17,91.1,Metric Tonnes,8200.0,Rs./Quintal,11,8200.0,8200.0,8200.0,63.9
Maharashtra,Mumbai,Pulses,Masur Dal,2025-11-18,76.6,Metric Tonnes,8200.0,Rs./Quintal,11,8200.0,8200.0,8200.0,91.1
Maharashtra,Mumbai,Pulses,Masur Dal,2025-11-19,68.3,Metric Tonnes,8200.0,Rs./Quintal,11,8200.0,8200.0,8200.0,76.6
Maharashtra,Mumbai,Pulses,Masur Dal,2025-11-20,37.5,Metric Tonnes,8200.0,Rs./Quintal,11,8200.0,8200.0,8200.0,68.3
Maharashtra,Mumbai,Pulses,Masur Dal,2025-11-21,77.7,Metric Tonnes,8200.0,Rs./Quintal,11,8200.0,8200.0,8200.0,37.5
Maharashtra,Mumbai,Pulses,Masur Dal,2025-11-24,62.0,Metric Tonnes,8200.0,Rs./Quintal,11,8200.0,8200.0,8200.0,77.7
Maharashtra,Mumbai,Pulses,Masur Dal,2025-11-25,103.8,Metric Tonnes,8200.0,Rs./Quintal,11,8200.0,8200.0,8200.0,62.0
Maharashtra,Mumbai,Pulses,Masur Dal,2025-11-26,97.0,Metric Tonnes,7500.0,Rs./Quintal,11,8200.0,8200.0,8176.666666666667,103.8
Maharashtra,Mumbai,Pulses,Masur Dal,2025-11-27,56.4,Metric Tonnes,7000.0,Rs./Quintal,11,7500.0,8200.0,8136.666666666667,97.0
Maharashtra,Mumbai,Pulses,Masur Dal,2025-11-28,92.1,Metric Tonnes,7500.0,Rs./Quintal,11,7000.0,8200.0,8113.333333333333,56.4
Maharashtra,Mumbai,Pulses,Masur Dal,2025-12-01,109.9,Metric Tonnes,7500.0,Rs./Quintal,12,7500.0,8200.0,8090.0,92.1
Maharashtra,Mumbai,Pulses,Masur Dal,2025-12-02,162.3,Metric Tonnes,7500.0,Rs./Quintal,12,7500.0,8200.0,8066.666666666667,109.9
Maharashtra,Mumbai,Pulses,Masur Dal,2025-12-03,81.5,Metric Tonnes,7500.0,Rs./Quintal,12,7500.0,8200.0,8043.333333333333,162.3
Maharashtra,Mumbai,Pulses,Masur Dal,2025-12-04,88.3,Metric Tonnes,7500.0,Rs./Quintal,12,7500.0,8200.0,8020.0,81.5
Maharashtra,Mumbai,Pulses,Masur Dal,2025-12-08,143.3,Metric Tonnes,7500.0,Rs./Quintal,12,7500.0,7500.0,7996.666666666667,88.3
Maharashtra,Mumbai,Pulses,Masur Dal,2025-12-09,78.0,Metric Tonnes,7500.0,Rs./Quintal,12,7500.0,7000.0,7973.333333333333,143.3
Maharashtra,Mumbai,Pulses,Masur Dal,2025-12-10,65.3,Metric Tonnes,7500.0,Rs./Quintal,12,7500.0,7500.0,7950.0,78.0
Maharashtra,Mumbai,Pulses,Masur Dal,2025-12-11,37.0,Metric Tonnes,7500.0,Rs./Quintal,12,7500.0,7500.0,7926.666666666667,65.3
Maharashtra,Mumbai,Pulses,Masur Dal,2025-12-12,77.7,Metric Tonnes,7500.0,Rs./Quintal,12,7500.0,7500.0,7903.333333333333,37.0
Maharashtra,Mumbai,Pulses,Masur Dal,2025-12-15,80.6,Metric Tonnes,7500.0,Rs./Quintal,12,7500.0,7500.0,7880.0,77.7
Maharashtra,Mumbai,Pulses,Masur Dal,2025-12-16,86.4,Metric Tonnes,7500.0,Rs./Quintal,12,7500.0,7500.0,7856.666666666667,80.6
Maharashtra,Mumbai,Pulses,Masur Dal,2025-12-17,91.7,Metric Tonnes,7500.0,Rs./Quintal,12,7500.0,7500.0,7833.333333333333,86.4
Maharashtra,Mumbai,Pulses,Masur Dal,2025-12-18,32.4,Metric Tonnes,7500.0,Rs./Quintal,12,7500.0,7500.0,7810.0,91.7
Maharashtra,Mumbai,Pulses,Masur Dal,2025-12-19,91.1,Metric Tonnes,7500.0,Rs./Quintal,12,7500.0,7500.0,7786.666666666667,32.4
Maharashtra,Mumbai,Pulses,Masur Dal,2025-12-22,63.1,Metric Tonnes,7500.0,Rs./Quintal,12,7500.0,7500.0,7763.333333333333,91.1
Maharashtra,Mumbai,Pulses,Masur Dal,2025-12-23,61.3,Metric Tonnes,7500.0,Rs./Quintal,12,7500.0,7500.0,7740.0,63.1
Maharashtra,Mumbai,Pulses,Masur Dal,2025-12-24,80.2,Metric Tonnes,7500.0,Rs./Quintal,12,7500.0,7500.0,7716.666666666667,61.3
Maharashtra,Mumbai,Pulses,Masur Dal,2025-12-25,118.4,Metric Tonnes,7000.0,Rs./Quintal,12,7500.0,7500.0,7676.666666666667,80.2
Maharashtra,Mumbai,Pulses,Masur Dal,2025-12-26,103.5,Metric Tonnes,7500.0,Rs./Quintal,12,7000.0,7500.0,7653.333333333333,118.4
Maharashtra,Mumbai,Pulses,Masur Dal,2025-12-29,70.6,Metric Tonnes,7500.0,Rs./Quintal,12,7500.0,7500.0,7630.0,103.5
Maharashtra,Mumbai,Pulses,Masur Dal,2025-12-30,116.6,Metric Tonnes,7500.0,Rs./Quintal,12,7500.0,7500.0,7606.666666666667,70.6
Maharashtra,Mumbai,Pulses,Masur Dal,2025-12-31,45.7,Metric Tonnes,7500.0,Rs./Quintal,12,7500.0,7500.0,7583.333333333333,116.6
